content/docs/sk/class_sthdf_dashboard/01-class_sthdf_dashboard_2025-2026/students/ST001/deliverables/01_about-me.md,,,missing,,0,0,0,1,"fm_build,fm_version,fm_version_comment",,
content/docs/sk/class_sthdf_dashboard/01-class_sthdf_dashboard_2025-2026/students/ST001/deliverables/02_knowledge-contribution.md,,,missing,,0,0,0,1,"fm_build,fm_version,fm_version_comment",,
content/docs/sk/class_sthdf_dashboard/01-class_sthdf_dashboard_2025-2026/students/ST001/deliverables/03_project-summary.md,,,missing,,0,0,0,1,"fm_build,fm_version,fm_version_comment",,
content/docs/sk/class_sthdf_dashboard/01-class_sthdf_dashboard_2025-2026/students/ST001/deliverables/04_project-outcomes.md,,,missing,,0,0,0,1,"fm_build,fm_version,fm_version_comment",,
content/docs/sk/class_sthdf_dashboard/01-class_sthdf_dashboard_2025-2026/students/ST001/deliverables/05_pitch_presentation.md,,,missing,,0,0,0,1,"fm_build,fm_version,fm_version_comment",,
content/docs/sk/class_sthdf_dashboard/01-class_sthdf_dashboard_2025-2026/students/ST001/deliverables/06_final_presentation.md,,,missing,,0,0,0,1,"fm_build,fm_version,fm_version_comment",,
content/docs/sk/class_sthdf_dashboard/01-class_sthdf_dashboard_2025-2026/students/ST001/deliverables/07_reflexia.md,,,missing,,0,0,0,1,"fm_build,fm_version,fm_version_comment",,
content/docs/sk/class_sthdf_dashboard/01-class_sthdf_dashboard_2025-2026/students/ST001/deliverables/index.md,,,missing,,0,0,0,1,"fm_build,fm_version,fm_version_comment",,
content/docs/sk/class_sthdf_dashboard/01-class_sthdf_dashboard_2025-2026/students/ST001/index.md,,,missing,,0,0,0,1,"fm_build,fm_version,fm_version_comment",,
content/docs/sk/class_sthdf_dashboard/01-class_sthdf_dashboard_2025-2026/students/ST002/deliverables/01_about-me.md,,,missing,,0,0,0,1,"fm_build,fm_version,fm_version_comment",,
content/docs/sk/class_sthdf_dashboard/01-class_sthdf_dashboard_2025-2026/students/ST002/deliverables/02_knowledge-contribution.md,,,missing,,0,0,0,1,"fm_build,fm_version,fm_version_comment",,
content/docs/sk/class_sthdf_dashboard/01-class_sthdf_dashboard_2025-2026/students/ST002/deliverables/03_project-summary.md,,,missing,,0,0,0,1,"fm_build,fm_version,fm_version_comment",,
content/docs/sk/class_sthdf_dashboard/01-class_sthdf_dashboard_2025-2026/students/ST002/deliverables/04_project-outcomes.md,,,missing,,0,0,0,1,"fm_build,fm_version,fm_version_comment",,
content/docs/sk/class_sthdf_dashboard/01-class_sthdf_dashboard_2025-2026/students/ST002/deliverables/05_pitch_presentation.md,,,missing,,0,0,0,1,"fm_build,fm_version,fm_version_comment",,
content/docs/sk/class_sthdf_dashboard/01-class_sthdf_dashboard_2025-2026/students/ST002/deliverables/06_final_presentation.md,,,missing,,0,0,0,1,"fm_build,fm_version,fm_version_comment",,
content/docs/sk/class_sthdf_dashboard/01-class_sthdf_dashboard_2025-2026/students/ST002/deliverables/07_reflexia.md,,,missing,,0,0,0,1,"fm_build,fm_version,fm_version_comment",,
content/docs/sk/class_sthdf_dashboard/01-class_sthdf_dashboard_2025-2026/students/ST002/deliverables/index.md,,,missing,,0,0,0,1,"fm_build,fm_version,fm_version_comment",,
content/docs/sk/class_sthdf_dashboard/01-class_sthdf_dashboard_2025-2026/students/ST002/index.md,,,missing,,0,0,0,1,"fm_build,fm_version,fm_version_comment",,
content/docs/sk/class_sthdf_dashboard/01-class_sthdf_dashboard_2025-2026/students/ST003/deliverables/01_about-me.md,,,missing,,0,0,0,1,"fm_build,fm_version,fm_version_comment",,
content/docs/sk/class_sthdf_dashboard/01-class_sthdf_dashboard_2025-2026/students/ST003/deliverables/02_knowledge-contribution.md,,,missing,,0,0,0,1,"fm_build,fm_version,fm_version_comment",,
content/docs/sk/class_sthdf_dashboard/01-class_sthdf_dashboard_2025-2026/students/ST003/deliverables/03_project-summary.md,,,missing,,0,0,0,1,"fm_build,fm_version,fm_version_comment",,
content/docs/sk/class_sthdf_dashboard/01-class_sthdf_dashboard_2025-2026/students/ST003/deliverables/04_project-outcomes.md,,,missing,,0,0,0,1,"fm_build,fm_version,fm_version_comment",,
content/docs/sk/class_sthdf_dashboard/01-class_sthdf_dashboard_2025-2026/students/ST003/deliverables/05_pitch_presentation.md,,,missing,,0,0,0,1,"fm_build,fm_version,fm_version_comment",,
content/docs/sk/class_sthdf_dashboard/01-class_sthdf_dashboard_2025-2026/students/ST003/deliverables/06_final_presentation.md,,,missing,,0,0,0,1,"fm_build,fm_version,fm_version_comment",,
content/docs/sk/class_sthdf_dashboard/01-class_sthdf_dashboard_2025-2026/students/ST003/deliverables/07_reflexia.md,,,missing,,0,0,0,1,"fm_build,fm_version,fm_version_comment",,
content/docs/sk/class_sthdf_dashboard/01-class_sthdf_dashboard_2025-2026/students/ST003/deliverables/index.md,,,missing,,0,0,0,1,"fm_build,fm_version,fm_version_comment",,
content/docs/sk/class_sthdf_dashboard/01-class_sthdf_dashboard_2025-2026/students/ST003/index.md,,,missing,,0,0,0,1,"fm_build,fm_version,fm_version_comment",,
content/docs/sk/class_sthdf_dashboard/01-class_sthdf_dashboard_2025-2026/students/ST004/deliverables/01_about-me.md,,,missing,,0,0,0,1,"fm_build,fm_version,fm_version_comment",,
content/docs/sk/class_sthdf_dashboard/01-class_sthdf_dashboard_2025-2026/students/ST004/deliverables/02_knowledge-contribution.md,,,missing,,0,0,0,1,"fm_build,fm_version,fm_version_comment",,
content/docs/sk/class_sthdf_dashboard/01-class_sthdf_dashboard_2025-2026/students/ST004/deliverables/03_project-summary.md,,,missing,,0,0,0,1,"fm_build,fm_version,fm_version_comment",,
content/docs/sk/class_sthdf_dashboard/01-class_sthdf_dashboard_2025-2026/students/ST004/deliverables/04_project-outcomes.md,,,missing,,0,0,0,1,"fm_build,fm_version,fm_version_comment",,
content/docs/sk/class_sthdf_dashboard/01-class_sthdf_dashboard_2025-2026/students/ST004/deliverables/05_pitch_presentation.md,,,missing,,0,0,0,1,"fm_build,fm_version,fm_version_comment",,
content/docs/sk/class_sthdf_dashboard/01-class_sthdf_dashboard_2025-2026/students/ST004/deliverables/06_final_presentation.md,,,missing,,0,0,0,1,"fm_build,fm_version,fm_version_comment",,
content/docs/sk/class_sthdf_dashboard/01-class_sthdf_dashboard_2025-2026/students/ST004/deliverables/07_reflexia.md,,,missing,,0,0,0,1,"fm_build,fm_version,fm_version_comment",,
content/docs/sk/class_sthdf_dashboard/01-class_sthdf_dashboard_2025-2026/students/ST004/deliverables/index.md,,,missing,,0,0,0,1,"fm_build,fm_version,fm_version_comment",,
content/docs/sk/class_sthdf_dashboard/01-class_sthdf_dashboard_2025-2026/students/ST004/index.md,,,missing,,0,0,0,1,"fm_build,fm_version,fm_version_comment",,
content/docs/sk/class_sthdf_dashboard/01-class_sthdf_dashboard_2025-2026/students/ST005/deliverables/01_about-me.md,,,missing,,0,0,0,1,"fm_build,fm_version,fm_version_comment",,
content/docs/sk/class_sthdf_dashboard/01-class_sthdf_dashboard_2025-2026/students/ST005/deliverables/02_knowledge-contribution.md,,,missing,,0,0,0,1,"fm_build,fm_version,fm_version_comment",,
content/docs/sk/class_sthdf_dashboard/01-class_sthdf_dashboard_2025-2026/students/ST005/deliverables/03_project-summary.md,,,missing,,0,0,0,1,"fm_build,fm_version,fm_version_comment",,
content/docs/sk/class_sthdf_dashboard/01-class_sthdf_dashboard_2025-2026/students/ST005/deliverables/04_project-outcomes.md,,,missing,,0,0,0,1,"fm_build,fm_version,fm_version_comment",,
content/docs/sk/class_sthdf_dashboard/01-class_sthdf_dashboard_2025-2026/students/ST005/deliverables/05_pitch_presentation.md,,,missing,,0,0,0,1,"fm_build,fm_version,fm_version_comment",,
content/docs/sk/class_sthdf_dashboard/01-class_sthdf_dashboard_2025-2026/students/ST005/deliverables/06_final_presentation.md,,,missing,,0,0,0,1,"fm_build,fm_version,fm_version_comment",,
content/docs/sk/class_sthdf_dashboard/01-class_sthdf_dashboard_2025-2026/students/ST005/deliverables/07_reflexia.md,,,missing,,0,0,0,1,"fm_build,fm_version,fm_version_comment",,
content/docs/sk/class_sthdf_dashboard/01-class_sthdf_dashboard_2025-2026/students/ST005/deliverables/index.md,,,missing,,0,0,0,1,"fm_build,fm_version,fm_version_comment",,
content/docs/sk/class_sthdf_dashboard/01-class_sthdf_dashboard_2025-2026/students/ST005/index.md,,,missing,,0,0,0,1,"fm_build,fm_version,fm_version_comment",,
content/docs/sk/class_sthdf_dashboard/01-class_sthdf_dashboard_2025-2026/students/ST006/deliverables/01_about-me.md,,,missing,,0,0,0,1,"fm_build,fm_version,fm_version_comment",,
content/docs/sk/class_sthdf_dashboard/01-class_sthdf_dashboard_2025-2026/students/ST006/deliverables/02_knowledge-contribution.md,,,missing,,0,0,0,1,"fm_build,fm_version,fm_version_comment",,
content/docs/sk/class_sthdf_dashboard/01-class_sthdf_dashboard_2025-2026/students/ST006/deliverables/03_project-summary.md,,,missing,,0,0,0,1,"fm_build,fm_version,fm_version_comment",,
content/docs/sk/class_sthdf_dashboard/01-class_sthdf_dashboard_2025-2026/students/ST006/deliverables/04_project-outcomes.md,,,missing,,0,0,0,1,"fm_build,fm_version,fm_version_comment",,
content/docs/sk/class_sthdf_dashboard/01-class_sthdf_dashboard_2025-2026/students/ST006/deliverables/05_pitch_presentation.md,,,missing,,0,0,0,1,"fm_build,fm_version,fm_version_comment",,
content/docs/sk/class_sthdf_dashboard/01-class_sthdf_dashboard_2025-2026/students/ST006/deliverables/06_final_presentation.md,,,missing,,0,0,0,1,"fm_build,fm_version,fm_version_comment",,
content/docs/sk/class_sthdf_dashboard/01-class_sthdf_dashboard_2025-2026/students/ST006/deliverables/07_reflexia.md,,,missing,,0,0,0,1,"fm_build,fm_version,fm_version_comment",,
content/docs/sk/class_sthdf_dashboard/01-class_sthdf_dashboard_2025-2026/students/ST006/deliverables/index.md,,,missing,,0,0,0,1,"fm_build,fm_version,fm_version_comment",,
content/docs/sk/class_sthdf_dashboard/01-class_sthdf_dashboard_2025-2026/students/ST006/index.md,,,missing,,0,0,0,1,"fm_build,fm_version,fm_version_comment",,
content/docs/sk/class_sthdf_dashboard/01-class_sthdf_dashboard_2025-2026/students/ST007/deliverables/01_about-me.md,,,missing,,0,0,0,1,"fm_build,fm_version,fm_version_comment",,
content/docs/sk/class_sthdf_dashboard/01-class_sthdf_dashboard_2025-2026/students/ST007/deliverables/02_knowledge-contribution.md,,,missing,,0,0,0,1,"fm_build,fm_version,fm_version_comment",,
content/docs/sk/class_sthdf_dashboard/01-class_sthdf_dashboard_2025-2026/students/ST007/deliverables/03_project-summary.md,,,missing,,0,0,0,1,"fm_build,fm_version,fm_version_comment",,
content/docs/sk/class_sthdf_dashboard/01-class_sthdf_dashboard_2025-2026/students/ST007/deliverables/04_project-outcomes.md,,,missing,,0,0,0,1,"fm_build,fm_version,fm_version_comment",,
content/docs/sk/class_sthdf_dashboard/01-class_sthdf_dashboard_2025-2026/students/ST007/deliverables/05_pitch_presentation.md,,,missing,,0,0,0,1,"fm_build,fm_version,fm_version_comment",,
content/docs/sk/class_sthdf_dashboard/01-class_sthdf_dashboard_2025-2026/students/ST007/deliverables/06_final_presentation.md,,,missing,,0,0,0,1,"fm_build,fm_version,fm_version_comment",,
content/docs/sk/class_sthdf_dashboard/01-class_sthdf_dashboard_2025-2026/students/ST007/deliverables/07_reflexia.md,,,missing,,0,0,0,1,"fm_build,fm_version,fm_version_comment",,
content/docs/sk/class_sthdf_dashboard/01-class_sthdf_dashboard_2025-2026/students/ST007/deliverables/index.md,,,missing,,0,0,0,1,"fm_build,fm_version,fm_version_comment",,
content/docs/sk/class_sthdf_dashboard/01-class_sthdf_dashboard_2025-2026/students/ST007/index.md,,,missing,,0,0,0,1,"fm_build,fm_version,fm_version_comment",,
content/docs/sk/class_sthdf_dashboard/01-class_sthdf_dashboard_2025-2026/students/ST008/deliverables/01_about-me.md,,,missing,,0,0,0,1,"fm_build,fm_version,fm_version_comment",,
content/docs/sk/class_sthdf_dashboard/01-class_sthdf_dashboard_2025-2026/students/ST008/deliverables/02_knowledge-contribution.md,,,missing,,0,0,0,1,"fm_build,fm_version,fm_version_comment",,
content/docs/sk/class_sthdf_dashboard/01-class_sthdf_dashboard_2025-2026/students/ST008/deliverables/03_project-summary.md,,,missing,,0,0,0,1,"fm_build,fm_version,fm_version_comment",,
content/docs/sk/class_sthdf_dashboard/01-class_sthdf_dashboard_2025-2026/students/ST008/deliverables/04_project-outcomes.md,,,missing,,0,0,0,1,"fm_build,fm_version,fm_version_comment",,
content/docs/sk/class_sthdf_dashboard/01-class_sthdf_dashboard_2025-2026/students/ST008/deliverables/05_pitch_presentation.md,,,missing,,0,0,0,1,"fm_build,fm_version,fm_version_comment",,
content/docs/sk/class_sthdf_dashboard/01-class_sthdf_dashboard_2025-2026/students/ST008/deliverables/06_final_presentation.md,,,missing,,0,0,0,1,"fm_build,fm_version,fm_version_comment",,
content/docs/sk/class_sthdf_dashboard/01-class_sthdf_dashboard_2025-2026/students/ST008/deliverables/07_reflexia.md,,,missing,,0,0,0,1,"fm_build,fm_version,fm_version_comment",,
content/docs/sk/class_sthdf_dashboard/01-class_sthdf_dashboard_2025-2026/students/ST008/deliverables/index.md,,,missing,,0,0,0,1,"fm_build,fm_version,fm_version_comment",,
content/docs/sk/class_sthdf_dashboard/01-class_sthdf_dashboard_2025-2026/students/ST008/index.md,,,missing,,0,0,0,1,"fm_build,fm_version,fm_version_comment",,
content/docs/sk/class_sthdf_dashboard/01-class_sthdf_dashboard_2025-2026/students/ST009/deliverables/01_about-me.md,,,missing,,0,0,0,1,"fm_build,fm_version,fm_version_comment",,
content/docs/sk/class_sthdf_dashboard/01-class_sthdf_dashboard_2025-2026/students/ST009/deliverables/02_knowledge-contribution.md,,,missing,,0,0,0,1,"fm_build,fm_version,fm_version_comment",,
content/docs/sk/class_sthdf_dashboard/01-class_sthdf_dashboard_2025-2026/students/ST009/deliverables/03_project-summary.md,,,missing,,0,0,0,1,"fm_build,fm_version,fm_version_comment",,
content/docs/sk/class_sthdf_dashboard/01-class_sthdf_dashboard_2025-2026/students/ST009/deliverables/04_project-outcomes.md,,,missing,,0,0,0,1,"fm_build,fm_version,fm_version_comment",,
content/docs/sk/class_sthdf_dashboard/01-class_sthdf_dashboard_2025-2026/students/ST009/deliverables/05_pitch_presentation.md,,,missing,,0,0,0,1,"fm_build,fm_version,fm_version_comment",,
content/docs/sk/class_sthdf_dashboard/01-class_sthdf_dashboard_2025-2026/students/ST009/deliverables/06_final_presentation.md,,,missing,,0,0,0,1,"fm_build,fm_version,fm_version_comment",,
content/docs/sk/class_sthdf_dashboard/01-class_sthdf_dashboard_2025-2026/students/ST009/deliverables/07_reflexia.md,,,missing,,0,0,0,1,"fm_build,fm_version,fm_version_comment",,
content/docs/sk/class_sthdf_dashboard/01-class_sthdf_dashboard_2025-2026/students/ST009/deliverables/index.md,,,missing,,0,0,0,1,"fm_build,fm_version,fm_version_comment",,
content/docs/sk/class_sthdf_dashboard/01-class_sthdf_dashboard_2025-2026/students/ST009/index.md,,,missing,,0,0,0,1,"fm_build,fm_version,fm_version_comment",,
content/docs/sk/class_sthdf_dashboard/01-class_sthdf_dashboard_2025-2026/students/ST010/deliverables/01_about-me.md,,,missing,,0,0,0,1,"fm_build,fm_version,fm_version_comment",,
content/docs/sk/class_sthdf_dashboard/01-class_sthdf_dashboard_2025-2026/students/ST010/deliverables/02_knowledge-contribution.md,,,missing,,0,0,0,1,"fm_build,fm_version,fm_version_comment",,
content/docs/sk/class_sthdf_dashboard/01-class_sthdf_dashboard_2025-2026/students/ST010/deliverables/03_project-summary.md,,,missing,,0,0,0,1,"fm_build,fm_version,fm_version_comment",,
content/docs/sk/class_sthdf_dashboard/01-class_sthdf_dashboard_2025-2026/students/ST010/deliverables/04_project-outcomes.md,,,missing,,0,0,0,1,"fm_build,fm_version,fm_version_comment",,
content/docs/sk/class_sthdf_dashboard/01-class_sthdf_dashboard_2025-2026/students/ST010/deliverables/05_pitch_presentation.md,,,missing,,0,0,0,1,"fm_build,fm_version,fm_version_comment",,
content/docs/sk/class_sthdf_dashboard/01-class_sthdf_dashboard_2025-2026/students/ST010/deliverables/06_final_presentation.md,,,missing,,0,0,0,1,"fm_build,fm_version,fm_version_comment",,
content/docs/sk/class_sthdf_dashboard/01-class_sthdf_dashboard_2025-2026/students/ST010/deliverables/07_reflexia.md,,,missing,,0,0,0,1,"fm_build,fm_version,fm_version_comment",,
content/docs/sk/class_sthdf_dashboard/01-class_sthdf_dashboard_2025-2026/students/ST010/deliverables/index.md,,,missing,,0,0,0,1,"fm_build,fm_version,fm_version_comment",,
content/docs/sk/class_sthdf_dashboard/01-class_sthdf_dashboard_2025-2026/students/ST010/index.md,,,missing,,0,0,0,1,"fm_build,fm_version,fm_version_comment",,
content/docs/sk/class_sthdf_dashboard/01-class_sthdf_dashboard_2025-2026/students/ST011/deliverables/01_about-me.md,,,missing,,0,0,0,1,"fm_build,fm_version,fm_version_comment",,
content/docs/sk/class_sthdf_dashboard/01-class_sthdf_dashboard_2025-2026/students/ST011/deliverables/02_knowledge-contribution.md,,,missing,,0,0,0,1,"fm_build,fm_version,fm_version_comment",,
content/docs/sk/class_sthdf_dashboard/01-class_sthdf_dashboard_2025-2026/students/ST011/deliverables/03_project-summary.md,,,missing,,0,0,0,1,"fm_build,fm_version,fm_version_comment",,
content/docs/sk/class_sthdf_dashboard/01-class_sthdf_dashboard_2025-2026/students/ST011/deliverables/04_project-outcomes.md,,,missing,,0,0,0,1,"fm_build,fm_version,fm_version_comment",,
content/docs/sk/class_sthdf_dashboard/01-class_sthdf_dashboard_2025-2026/students/ST011/deliverables/05_pitch_presentation.md,,,missing,,0,0,0,1,"fm_build,fm_version,fm_version_comment",,
content/docs/sk/class_sthdf_dashboard/01-class_sthdf_dashboard_2025-2026/students/ST011/deliverables/06_final_presentation.md,,,missing,,0,0,0,1,"fm_build,fm_version,fm_version_comment",,
content/docs/sk/class_sthdf_dashboard/01-class_sthdf_dashboard_2025-2026/students/ST011/deliverables/07_reflexia.md,,,missing,,0,0,0,1,"fm_build,fm_version,fm_version_comment",,
content/docs/sk/class_sthdf_dashboard/01-class_sthdf_dashboard_2025-2026/students/ST011/deliverables/index.md,,,missing,,0,0,0,1,"fm_build,fm_version,fm_version_comment",,
content/docs/sk/class_sthdf_dashboard/01-class_sthdf_dashboard_2025-2026/students/ST011/index.md,,,missing,,0,0,0,1,"fm_build,fm_version,fm_version_comment",,
content/docs/sk/class_sthdf_dashboard/01-class_sthdf_dashboard_2025-2026/students/ST012/deliverables/01_about-me.md,,,missing,,0,0,0,1,"fm_build,fm_version,fm_version_comment",,
content/docs/sk/class_sthdf_dashboard/01-class_sthdf_dashboard_2025-2026/students/ST012/deliverables/02_knowledge-contribution.md,,,missing,,0,0,0,1,"fm_build,fm_version,fm_version_comment",,
content/docs/sk/class_sthdf_dashboard/01-class_sthdf_dashboard_2025-2026/students/ST012/deliverables/03_project-summary.md,,,missing,,0,0,0,1,"fm_build,fm_version,fm_version_comment",,
content/docs/sk/class_sthdf_dashboard/01-class_sthdf_dashboard_2025-2026/students/ST012/deliverables/04_project-outcomes.md,,,missing,,0,0,0,1,"fm_build,fm_version,fm_version_comment",,
content/docs/sk/class_sthdf_dashboard/01-class_sthdf_dashboard_2025-2026/students/ST012/deliverables/05_pitch_presentation.md,,,missing,,0,0,0,1,"fm_build,fm_version,fm_version_comment",,
content/docs/sk/class_sthdf_dashboard/01-class_sthdf_dashboard_2025-2026/students/ST012/deliverables/06_final_presentation.md,,,missing,,0,0,0,1,"fm_build,fm_version,fm_version_comment",,
content/docs/sk/class_sthdf_dashboard/01-class_sthdf_dashboard_2025-2026/students/ST012/deliverables/07_reflexia.md,,,missing,,0,0,0,1,"fm_build,fm_version,fm_version_comment",,
content/docs/sk/class_sthdf_dashboard/01-class_sthdf_dashboard_2025-2026/students/ST012/deliverables/index.md,,,missing,,0,0,0,1,"fm_build,fm_version,fm_version_comment",,
content/docs/sk/class_sthdf_dashboard/01-class_sthdf_dashboard_2025-2026/students/ST012/index.md,,,missing,,0,0,0,1,"fm_build,fm_version,fm_version_comment",,
content/docs/sk/class_sthdf_dashboard/01-class_sthdf_dashboard_2025-2026/students/ST013/deliverables/01_about-me.md,,,missing,,0,0,0,1,"fm_build,fm_version,fm_version_comment",,
content/docs/sk/class_sthdf_dashboard/01-class_sthdf_dashboard_2025-2026/students/ST013/deliverables/02_knowledge-contribution.md,,,missing,,0,0,0,1,"fm_build,fm_version,fm_version_comment",,
content/docs/sk/class_sthdf_dashboard/01-class_sthdf_dashboard_2025-2026/students/ST013/deliverables/03_project-summary.md,,,missing,,0,0,0,1,"fm_build,fm_version,fm_version_comment",,
content/docs/sk/class_sthdf_dashboard/01-class_sthdf_dashboard_2025-2026/students/ST013/deliverables/04_project-outcomes.md,,,missing,,0,0,0,1,"fm_build,fm_version,fm_version_comment",,
content/docs/sk/class_sthdf_dashboard/01-class_sthdf_dashboard_2025-2026/students/ST013/deliverables/05_pitch_presentation.md,,,missing,,0,0,0,1,"fm_build,fm_version,fm_version_comment",,
content/docs/sk/class_sthdf_dashboard/01-class_sthdf_dashboard_2025-2026/students/ST013/deliverables/06_final_presentation.md,,,missing,,0,0,0,1,"fm_build,fm_version,fm_version_comment",,
content/docs/sk/class_sthdf_dashboard/01-class_sthdf_dashboard_2025-2026/students/ST013/deliverables/07_reflexia.md,,,missing,,0,0,0,1,"fm_build,fm_version,fm_version_comment",,
content/docs/sk/class_sthdf_dashboard/01-class_sthdf_dashboard_2025-2026/students/ST013/deliverables/index.md,,,missing,,0,0,0,1,"fm_build,fm_version,fm_version_comment",,
content/docs/sk/class_sthdf_dashboard/01-class_sthdf_dashboard_2025-2026/students/ST013/index.md,,,missing,,0,0,0,1,"fm_build,fm_version,fm_version_comment",,
content/docs/sk/class_sthdf_dashboard/01-class_sthdf_dashboard_2025-2026/students/ST014/deliverables/01_about-me.md,,,missing,,0,0,0,1,"fm_build,fm_version,fm_version_comment",,
content/docs/sk/class_sthdf_dashboard/01-class_sthdf_dashboard_2025-2026/students/ST014/deliverables/02_knowledge-contribution.md,,,missing,,0,0,0,1,"fm_build,fm_version,fm_version_comment",,
content/docs/sk/class_sthdf_dashboard/01-class_sthdf_dashboard_2025-2026/students/ST014/deliverables/03_project-summary.md,,,missing,,0,0,0,1,"fm_build,fm_version,fm_version_comment",,
content/docs/sk/class_sthdf_dashboard/01-class_sthdf_dashboard_2025-2026/students/ST014/deliverables/04_project-outcomes.md,,,missing,,0,0,0,1,"fm_build,fm_version,fm_version_comment",,
content/docs/sk/class_sthdf_dashboard/01-class_sthdf_dashboard_2025-2026/students/ST014/deliverables/05_pitch_presentation.md,,,missing,,0,0,0,1,"fm_build,fm_version,fm_version_comment",,
content/docs/sk/class_sthdf_dashboard/01-class_sthdf_dashboard_2025-2026/students/ST014/deliverables/06_final_presentation.md,,,missing,,0,0,0,1,"fm_build,fm_version,fm_version_comment",,
content/docs/sk/class_sthdf_dashboard/01-class_sthdf_dashboard_2025-2026/students/ST014/deliverables/07_reflexia.md,,,missing,,0,0,0,1,"fm_build,fm_version,fm_version_comment",,
content/docs/sk/class_sthdf_dashboard/01-class_sthdf_dashboard_2025-2026/students/ST014/deliverables/index.md,,,missing,,0,0,0,1,"fm_build,fm_version,fm_version_comment",,
content/docs/sk/class_sthdf_dashboard/01-class_sthdf_dashboard_2025-2026/students/ST014/index.md,,,missing,,0,0,0,1,"fm_build,fm_version,fm_version_comment",,
content/docs/sk/class_sthdf_dashboard/01-class_sthdf_dashboard_2025-2026/students/ST015/deliverables/01_about-me.md,,,missing,,0,0,0,1,"fm_build,fm_version,fm_version_comment",,
content/docs/sk/class_sthdf_dashboard/01-class_sthdf_dashboard_2025-2026/students/ST015/deliverables/02_knowledge-contribution.md,,,missing,,0,0,0,1,"fm_build,fm_version,fm_version_comment",,
content/docs/sk/class_sthdf_dashboard/01-class_sthdf_dashboard_2025-2026/students/ST015/deliverables/03_project-summary.md,,,missing,,0,0,0,1,"fm_build,fm_version,fm_version_comment",,
content/docs/sk/class_sthdf_dashboard/01-class_sthdf_dashboard_2025-2026/students/ST015/deliverables/04_project-outcomes.md,,,missing,,0,0,0,1,"fm_build,fm_version,fm_version_comment",,
content/docs/sk/class_sthdf_dashboard/01-class_sthdf_dashboard_2025-2026/students/ST015/deliverables/05_pitch_presentation.md,,,missing,,0,0,0,1,"fm_build,fm_version,fm_version_comment",,
content/docs/sk/class_sthdf_dashboard/01-class_sthdf_dashboard_2025-2026/students/ST015/deliverables/06_final_presentation.md,,,missing,,0,0,0,1,"fm_build,fm_version,fm_version_comment",,
content/docs/sk/class_sthdf_dashboard/01-class_sthdf_dashboard_2025-2026/students/ST015/deliverables/07_reflexia.md,,,missing,,0,0,0,1,"fm_build,fm_version,fm_version_comment",,
content/docs/sk/class_sthdf_dashboard/01-class_sthdf_dashboard_2025-2026/students/ST015/deliverables/index.md,,,missing,,0,0,0,1,"fm_build,fm_version,fm_version_comment",,
content/docs/sk/class_sthdf_dashboard/01-class_sthdf_dashboard_2025-2026/students/ST015/index.md,,,missing,,0,0,0,1,"fm_build,fm_version,fm_version_comment",,
content/docs/sk/class_sthdf_dashboard/01-class_sthdf_dashboard_2025-2026/students/ST016/deliverables/01_about-me.md,,,missing,,0,0,0,1,"fm_build,fm_version,fm_version_comment",,
content/docs/sk/class_sthdf_dashboard/01-class_sthdf_dashboard_2025-2026/students/ST016/deliverables/02_knowledge-contribution.md,,,missing,,0,0,0,1,"fm_build,fm_version,fm_version_comment",,
content/docs/sk/class_sthdf_dashboard/01-class_sthdf_dashboard_2025-2026/students/ST016/deliverables/03_project-summary.md,,,missing,,0,0,0,1,"fm_build,fm_version,fm_version_comment",,
content/docs/sk/class_sthdf_dashboard/01-class_sthdf_dashboard_2025-2026/students/ST016/deliverables/04_project-outcomes.md,,,missing,,0,0,0,1,"fm_build,fm_version,fm_version_comment",,
content/docs/sk/class_sthdf_dashboard/01-class_sthdf_dashboard_2025-2026/students/ST016/deliverables/05_pitch_presentation.md,,,missing,,0,0,0,1,"fm_build,fm_version,fm_version_comment",,
content/docs/sk/class_sthdf_dashboard/01-class_sthdf_dashboard_2025-2026/students/ST016/deliverables/06_final_presentation.md,,,missing,,0,0,0,1,"fm_build,fm_version,fm_version_comment",,
content/docs/sk/class_sthdf_dashboard/01-class_sthdf_dashboard_2025-2026/students/ST016/deliverables/07_reflexia.md,,,missing,,0,0,0,1,"fm_build,fm_version,fm_version_comment",,
content/docs/sk/class_sthdf_dashboard/01-class_sthdf_dashboard_2025-2026/students/ST016/deliverables/index.md,,,missing,,0,0,0,1,"fm_build,fm_version,fm_version_comment",,
content/docs/sk/class_sthdf_dashboard/01-class_sthdf_dashboard_2025-2026/students/ST016/index.md,,,missing,,0,0,0,1,"fm_build,fm_version,fm_version_comment",,
content/docs/sk/class_sthdf_dashboard/01-class_sthdf_dashboard_2025-2026/students/ST017/deliverables/01_about-me.md,,,missing,,0,0,0,1,"fm_build,fm_version,fm_version_comment",,
content/docs/sk/class_sthdf_dashboard/01-class_sthdf_dashboard_2025-2026/students/ST017/deliverables/02_knowledge-contribution.md,,,missing,,0,0,0,1,"fm_build,fm_version,fm_version_comment",,
content/docs/sk/class_sthdf_dashboard/01-class_sthdf_dashboard_2025-2026/students/ST017/deliverables/03_project-summary.md,,,missing,,0,0,0,1,"fm_build,fm_version,fm_version_comment",,
content/docs/sk/class_sthdf_dashboard/01-class_sthdf_dashboard_2025-2026/students/ST017/deliverables/04_project-outcomes.md,,,missing,,0,0,0,1,"fm_build,fm_version,fm_version_comment",,
content/docs/sk/class_sthdf_dashboard/01-class_sthdf_dashboard_2025-2026/students/ST017/deliverables/05_pitch_presentation.md,,,missing,,0,0,0,1,"fm_build,fm_version,fm_version_comment",,
content/docs/sk/class_sthdf_dashboard/01-class_sthdf_dashboard_2025-2026/students/ST017/deliverables/06_final_presentation.md,,,missing,,0,0,0,1,"fm_build,fm_version,fm_version_comment",,
content/docs/sk/class_sthdf_dashboard/01-class_sthdf_dashboard_2025-2026/students/ST017/deliverables/07_reflexia.md,,,missing,,0,0,0,1,"fm_build,fm_version,fm_version_comment",,
content/docs/sk/class_sthdf_dashboard/01-class_sthdf_dashboard_2025-2026/students/ST017/deliverables/index.md,,,missing,,0,0,0,1,"fm_build,fm_version,fm_version_comment",,
content/docs/sk/class_sthdf_dashboard/01-class_sthdf_dashboard_2025-2026/students/ST017/index.md,,,missing,,0,0,0,1,"fm_build,fm_version,fm_version_comment",,
content/docs/sk/class_sthdf_dashboard/01-class_sthdf_dashboard_2025-2026/students/ST018/deliverables/01_about-me.md,,,missing,,0,0,0,1,"fm_build,fm_version,fm_version_comment",,
content/docs/sk/class_sthdf_dashboard/01-class_sthdf_dashboard_2025-2026/students/ST018/deliverables/02_knowledge-contribution.md,,,missing,,0,0,0,1,"fm_build,fm_version,fm_version_comment",,
content/docs/sk/class_sthdf_dashboard/01-class_sthdf_dashboard_2025-2026/students/ST018/deliverables/03_project-summary.md,,,missing,,0,0,0,1,"fm_build,fm_version,fm_version_comment",,
content/docs/sk/class_sthdf_dashboard/01-class_sthdf_dashboard_2025-2026/students/ST018/deliverables/04_project-outcomes.md,,,missing,,0,0,0,1,"fm_build,fm_version,fm_version_comment",,
content/docs/sk/class_sthdf_dashboard/01-class_sthdf_dashboard_2025-2026/students/ST018/deliverables/05_pitch_presentation.md,,,missing,,0,0,0,1,"fm_build,fm_version,fm_version_comment",,
content/docs/sk/class_sthdf_dashboard/01-class_sthdf_dashboard_2025-2026/students/ST018/deliverables/06_final_presentation.md,,,missing,,0,0,0,1,"fm_build,fm_version,fm_version_comment",,
content/docs/sk/class_sthdf_dashboard/01-class_sthdf_dashboard_2025-2026/students/ST018/deliverables/07_reflexia.md,,,missing,,0,0,0,1,"fm_build,fm_version,fm_version_comment",,
content/docs/sk/class_sthdf_dashboard/01-class_sthdf_dashboard_2025-2026/students/ST018/deliverables/index.md,,,missing,,0,0,0,1,"fm_build,fm_version,fm_version_comment",,
content/docs/sk/class_sthdf_dashboard/01-class_sthdf_dashboard_2025-2026/students/ST018/index.md,,,missing,,0,0,0,1,"fm_build,fm_version,fm_version_comment",,
content/docs/sk/class_sthdf_dashboard/01-class_sthdf_dashboard_2025-2026/students/ST019/deliverables/01_about-me.md,,,missing,,0,0,0,1,"fm_build,fm_version,fm_version_comment",,
content/docs/sk/class_sthdf_dashboard/01-class_sthdf_dashboard_2025-2026/students/ST019/deliverables/02_knowledge-contribution.md,,,missing,,0,0,0,1,"fm_build,fm_version,fm_version_comment",,
content/docs/sk/class_sthdf_dashboard/01-class_sthdf_dashboard_2025-2026/students/ST019/deliverables/03_project-summary.md,,,missing,,0,0,0,1,"fm_build,fm_version,fm_version_comment",,
content/docs/sk/class_sthdf_dashboard/01-class_sthdf_dashboard_2025-2026/students/ST019/deliverables/04_project-outcomes.md,,,missing,,0,0,0,1,"fm_build,fm_version,fm_version_comment",,
content/docs/sk/class_sthdf_dashboard/01-class_sthdf_dashboard_2025-2026/students/ST019/deliverables/05_pitch_presentation.md,,,missing,,0,0,0,1,"fm_build,fm_version,fm_version_comment",,
content/docs/sk/class_sthdf_dashboard/01-class_sthdf_dashboard_2025-2026/students/ST019/deliverables/06_final_presentation.md,,,missing,,0,0,0,1,"fm_build,fm_version,fm_version_comment",,
content/docs/sk/class_sthdf_dashboard/01-class_sthdf_dashboard_2025-2026/students/ST019/deliverables/07_reflexia.md,,,missing,,0,0,0,1,"fm_build,fm_version,fm_version_comment",,
content/docs/sk/class_sthdf_dashboard/01-class_sthdf_dashboard_2025-2026/students/ST019/deliverables/index.md,,,missing,,0,0,0,1,"fm_build,fm_version,fm_version_comment",,
content/docs/sk/class_sthdf_dashboard/01-class_sthdf_dashboard_2025-2026/students/ST019/index.md,,,missing,,0,0,0,1,"fm_build,fm_version,fm_version_comment",,
content/docs/sk/class_sthdf_dashboard/01-class_sthdf_dashboard_2025-2026/students/ST020/deliverables/01_about-me.md,,,missing,,0,0,0,1,"fm_build,fm_version,fm_version_comment",,
content/docs/sk/class_sthdf_dashboard/01-class_sthdf_dashboard_2025-2026/students/ST020/deliverables/02_knowledge-contribution.md,,,missing,,0,0,0,1,"fm_build,fm_version,fm_version_comment",,
content/docs/sk/class_sthdf_dashboard/01-class_sthdf_dashboard_2025-2026/students/ST020/deliverables/03_project-summary.md,,,missing,,0,0,0,1,"fm_build,fm_version,fm_version_comment",,
content/docs/sk/class_sthdf_dashboard/01-class_sthdf_dashboard_2025-2026/students/ST020/deliverables/04_project-outcomes.md,,,missing,,0,0,0,1,"fm_build,fm_version,fm_version_comment",,
content/docs/sk/class_sthdf_dashboard/01-class_sthdf_dashboard_2025-2026/students/ST020/deliverables/05_pitch_presentation.md,,,missing,,0,0,0,1,"fm_build,fm_version,fm_version_comment",,
content/docs/sk/class_sthdf_dashboard/01-class_sthdf_dashboard_2025-2026/students/ST020/deliverables/06_final_presentation.md,,,missing,,0,0,0,1,"fm_build,fm_version,fm_version_comment",,
content/docs/sk/class_sthdf_dashboard/01-class_sthdf_dashboard_2025-2026/students/ST020/deliverables/07_reflexia.md,,,missing,,0,0,0,1,"fm_build,fm_version,fm_version_comment",,
content/docs/sk/class_sthdf_dashboard/01-class_sthdf_dashboard_2025-2026/students/ST020/deliverables/index.md,,,missing,,0,0,0,1,"fm_build,fm_version,fm_version_comment",,
content/docs/sk/class_sthdf_dashboard/01-class_sthdf_dashboard_2025-2026/students/ST020/index.md,,,missing,,0,0,0,1,"fm_build,fm_version,fm_version_comment",,
content/docs/sk/class_sthdf_dashboard/01-class_sthdf_dashboard_2025-2026/students/ST021/deliverables/01_about-me.md,,,missing,,0,0,0,1,"fm_build,fm_version,fm_version_comment",,
content/docs/sk/class_sthdf_dashboard/01-class_sthdf_dashboard_2025-2026/students/ST021/deliverables/02_knowledge-contribution.md,,,missing,,0,0,0,1,"fm_build,fm_version,fm_version_comment",,
content/docs/sk/class_sthdf_dashboard/01-class_sthdf_dashboard_2025-2026/students/ST021/deliverables/03_project-summary.md,,,missing,,0,0,0,1,"fm_build,fm_version,fm_version_comment",,
content/docs/sk/class_sthdf_dashboard/01-class_sthdf_dashboard_2025-2026/students/ST021/deliverables/04_project-outcomes.md,,,missing,,0,0,0,1,"fm_build,fm_version,fm_version_comment",,
content/docs/sk/class_sthdf_dashboard/01-class_sthdf_dashboard_2025-2026/students/ST021/deliverables/05_pitch_presentation.md,,,missing,,0,0,0,1,"fm_build,fm_version,fm_version_comment",,
content/docs/sk/class_sthdf_dashboard/01-class_sthdf_dashboard_2025-2026/students/ST021/deliverables/06_final_presentation.md,,,missing,,0,0,0,1,"fm_build,fm_version,fm_version_comment",,
content/docs/sk/class_sthdf_dashboard/01-class_sthdf_dashboard_2025-2026/students/ST021/deliverables/07_reflexia.md,,,missing,,0,0,0,1,"fm_build,fm_version,fm_version_comment",,
content/docs/sk/class_sthdf_dashboard/01-class_sthdf_dashboard_2025-2026/students/ST021/deliverables/index.md,,,missing,,0,0,0,1,"fm_build,fm_version,fm_version_comment",,
content/docs/sk/class_sthdf_dashboard/01-class_sthdf_dashboard_2025-2026/students/ST021/index.md,,,missing,,0,0,0,1,"fm_build,fm_version,fm_version_comment",,
content/docs/sk/class_sthdf_dashboard/01-class_sthdf_dashboard_2025-2026/students/ST022/deliverables/01_about-me.md,,,missing,,0,0,0,1,"fm_build,fm_version,fm_version_comment",,
content/docs/sk/class_sthdf_dashboard/01-class_sthdf_dashboard_2025-2026/students/ST022/deliverables/02_knowledge-contribution.md,,,missing,,0,0,0,1,"fm_build,fm_version,fm_version_comment",,
content/docs/sk/class_sthdf_dashboard/01-class_sthdf_dashboard_2025-2026/students/ST022/deliverables/03_project-summary.md,,,missing,,0,0,0,1,"fm_build,fm_version,fm_version_comment",,
content/docs/sk/class_sthdf_dashboard/01-class_sthdf_dashboard_2025-2026/students/ST022/deliverables/04_project-outcomes.md,,,missing,,0,0,0,1,"fm_build,fm_version,fm_version_comment",,
content/docs/sk/class_sthdf_dashboard/01-class_sthdf_dashboard_2025-2026/students/ST022/deliverables/05_pitch_presentation.md,,,missing,,0,0,0,1,"fm_build,fm_version,fm_version_comment",,
content/docs/sk/class_sthdf_dashboard/01-class_sthdf_dashboard_2025-2026/students/ST022/deliverables/06_final_presentation.md,,,missing,,0,0,0,1,"fm_build,fm_version,fm_version_comment",,
content/docs/sk/class_sthdf_dashboard/01-class_sthdf_dashboard_2025-2026/students/ST022/deliverables/07_reflexia.md,,,missing,,0,0,0,1,"fm_build,fm_version,fm_version_comment",,
content/docs/sk/class_sthdf_dashboard/01-class_sthdf_dashboard_2025-2026/students/ST022/deliverables/index.md,,,missing,,0,0,0,1,"fm_build,fm_version,fm_version_comment",,
content/docs/sk/class_sthdf_dashboard/01-class_sthdf_dashboard_2025-2026/students/ST022/index.md,,,missing,,0,0,0,1,"fm_build,fm_version,fm_version_comment",,
content/docs/sk/class_sthdf_dashboard/01-class_sthdf_dashboard_2025-2026/students/ST023/deliverables/01_about-me.md,,,missing,,0,0,0,1,"fm_build,fm_version,fm_version_comment",,
content/docs/sk/class_sthdf_dashboard/01-class_sthdf_dashboard_2025-2026/students/ST023/deliverables/02_knowledge-contribution.md,,,missing,,0,0,0,1,"fm_build,fm_version,fm_version_comment",,
content/docs/sk/class_sthdf_dashboard/01-class_sthdf_dashboard_2025-2026/students/ST023/deliverables/03_project-summary.md,,,missing,,0,0,0,1,"fm_build,fm_version,fm_version_comment",,
content/docs/sk/class_sthdf_dashboard/01-class_sthdf_dashboard_2025-2026/students/ST023/deliverables/04_project-outcomes.md,,,missing,,0,0,0,1,"fm_build,fm_version,fm_version_comment",,
content/docs/sk/class_sthdf_dashboard/01-class_sthdf_dashboard_2025-2026/students/ST023/deliverables/05_pitch_presentation.md,,,missing,,0,0,0,1,"fm_build,fm_version,fm_version_comment",,
content/docs/sk/class_sthdf_dashboard/01-class_sthdf_dashboard_2025-2026/students/ST023/deliverables/06_final_presentation.md,,,missing,,0,0,0,1,"fm_build,fm_version,fm_version_comment",,
content/docs/sk/class_sthdf_dashboard/01-class_sthdf_dashboard_2025-2026/students/ST023/deliverables/07_reflexia.md,,,missing,,0,0,0,1,"fm_build,fm_version,fm_version_comment",,
content/docs/sk/class_sthdf_dashboard/01-class_sthdf_dashboard_2025-2026/students/ST023/deliverables/index.md,,,missing,,0,0,0,1,"fm_build,fm_version,fm_version_comment",,
content/docs/sk/class_sthdf_dashboard/01-class_sthdf_dashboard_2025-2026/students/ST023/index.md,,,missing,,0,0,0,1,"fm_build,fm_version,fm_version_comment",,
content/docs/sk/class_sthdf_dashboard/01-class_sthdf_dashboard_2025-2026/students/ST024/deliverables/01_about-me.md,,,missing,,0,0,0,1,"fm_build,fm_version,fm_version_comment",,
content/docs/sk/class_sthdf_dashboard/01-class_sthdf_dashboard_2025-2026/students/ST024/deliverables/02_knowledge-contribution.md,,,missing,,0,0,0,1,"fm_build,fm_version,fm_version_comment",,
content/docs/sk/class_sthdf_dashboard/01-class_sthdf_dashboard_2025-2026/students/ST024/deliverables/03_project-summary.md,,,missing,,0,0,0,1,"fm_build,fm_version,fm_version_comment",,
content/docs/sk/class_sthdf_dashboard/01-class_sthdf_dashboard_2025-2026/students/ST024/deliverables/04_project-outcomes.md,,,missing,,0,0,0,1,"fm_build,fm_version,fm_version_comment",,
content/docs/sk/class_sthdf_dashboard/01-class_sthdf_dashboard_2025-2026/students/ST024/deliverables/05_pitch_presentation.md,,,missing,,0,0,0,1,"fm_build,fm_version,fm_version_comment",,
content/docs/sk/class_sthdf_dashboard/01-class_sthdf_dashboard_2025-2026/students/ST024/deliverables/06_final_presentation.md,,,missing,,0,0,0,1,"fm_build,fm_version,fm_version_comment",,
content/docs/sk/class_sthdf_dashboard/01-class_sthdf_dashboard_2025-2026/students/ST024/deliverables/07_reflexia.md,,,missing,,0,0,0,1,"fm_build,fm_version,fm_version_comment",,
content/docs/sk/class_sthdf_dashboard/01-class_sthdf_dashboard_2025-2026/students/ST024/deliverables/index.md,,,missing,,0,0,0,1,"fm_build,fm_version,fm_version_comment",,
content/docs/sk/class_sthdf_dashboard/01-class_sthdf_dashboard_2025-2026/students/ST024/index.md,,,missing,,0,0,0,1,"fm_build,fm_version,fm_version_comment",,
content/docs/sk/class_sthdf_dashboard/01-class_sthdf_dashboard_2025-2026/students/ST025/deliverables/01_about-me.md,,,missing,,0,0,0,1,"fm_build,fm_version,fm_version_comment",,
content/docs/sk/class_sthdf_dashboard/01-class_sthdf_dashboard_2025-2026/students/ST025/deliverables/02_knowledge-contribution.md,,,missing,,0,0,0,1,"fm_build,fm_version,fm_version_comment",,
content/docs/sk/class_sthdf_dashboard/01-class_sthdf_dashboard_2025-2026/students/ST025/deliverables/03_project-summary.md,,,missing,,0,0,0,1,"fm_build,fm_version,fm_version_comment",,
content/docs/sk/class_sthdf_dashboard/01-class_sthdf_dashboard_2025-2026/students/ST025/deliverables/04_project-outcomes.md,,,missing,,0,0,0,1,"fm_build,fm_version,fm_version_comment",,
content/docs/sk/class_sthdf_dashboard/01-class_sthdf_dashboard_2025-2026/students/ST025/deliverables/05_pitch_presentation.md,,,missing,,0,0,0,1,"fm_build,fm_version,fm_version_comment",,
content/docs/sk/class_sthdf_dashboard/01-class_sthdf_dashboard_2025-2026/students/ST025/deliverables/06_final_presentation.md,,,missing,,0,0,0,1,"fm_build,fm_version,fm_version_comment",,
content/docs/sk/class_sthdf_dashboard/01-class_sthdf_dashboard_2025-2026/students/ST025/deliverables/07_reflexia.md,,,missing,,0,0,0,1,"fm_build,fm_version,fm_version_comment",,
content/docs/sk/class_sthdf_dashboard/01-class_sthdf_dashboard_2025-2026/students/ST025/deliverables/index.md,,,missing,,0,0,0,1,"fm_build,fm_version,fm_version_comment",,
content/docs/sk/class_sthdf_dashboard/01-class_sthdf_dashboard_2025-2026/students/ST025/index.md,,,missing,,0,0,0,1,"fm_build,fm_version,fm_version_comment",,
content/docs/sk/class_sthdf_dashboard/01-class_sthdf_dashboard_2025-2026/students/ST026/deliverables/01_about-me.md,,,missing,,0,0,0,1,"fm_build,fm_version,fm_version_comment",,
content/docs/sk/class_sthdf_dashboard/01-class_sthdf_dashboard_2025-2026/students/ST026/deliverables/02_knowledge-contribution.md,,,missing,,0,0,0,1,"fm_build,fm_version,fm_version_comment",,
content/docs/sk/class_sthdf_dashboard/01-class_sthdf_dashboard_2025-2026/students/ST026/deliverables/03_project-summary.md,,,missing,,0,0,0,1,"fm_build,fm_version,fm_version_comment",,
content/docs/sk/class_sthdf_dashboard/01-class_sthdf_dashboard_2025-2026/students/ST026/deliverables/04_project-outcomes.md,,,missing,,0,0,0,1,"fm_build,fm_version,fm_version_comment",,
content/docs/sk/class_sthdf_dashboard/01-class_sthdf_dashboard_2025-2026/students/ST026/deliverables/05_pitch_presentation.md,,,missing,,0,0,0,1,"fm_build,fm_version,fm_version_comment",,
content/docs/sk/class_sthdf_dashboard/01-class_sthdf_dashboard_2025-2026/students/ST026/deliverables/06_final_presentation.md,,,missing,,0,0,0,1,"fm_build,fm_version,fm_version_comment",,
content/docs/sk/class_sthdf_dashboard/01-class_sthdf_dashboard_2025-2026/students/ST026/deliverables/07_reflexia.md,,,missing,,0,0,0,1,"fm_build,fm_version,fm_version_comment",,
content/docs/sk/class_sthdf_dashboard/01-class_sthdf_dashboard_2025-2026/students/ST026/deliverables/index.md,,,missing,,0,0,0,1,"fm_build,fm_version,fm_version_comment",,
content/docs/sk/class_sthdf_dashboard/01-class_sthdf_dashboard_2025-2026/students/ST026/index.md,,,missing,,0,0,0,1,"fm_build,fm_version,fm_version_comment",,
content/docs/sk/class_sthdf_dashboard/01-class_sthdf_dashboard_2025-2026/students/ST027/deliverables/01_about-me.md,,,missing,,0,0,0,1,"fm_build,fm_version,fm_version_comment",,
content/docs/sk/class_sthdf_dashboard/01-class_sthdf_dashboard_2025-2026/students/ST027/deliverables/02_knowledge-contribution.md,,,missing,,0,0,0,1,"fm_build,fm_version,fm_version_comment",,
content/docs/sk/class_sthdf_dashboard/01-class_sthdf_dashboard_2025-2026/students/ST027/deliverables/03_project-summary.md,,,missing,,0,0,0,1,"fm_build,fm_version,fm_version_comment",,
content/docs/sk/class_sthdf_dashboard/01-class_sthdf_dashboard_2025-2026/students/ST027/deliverables/04_project-outcomes.md,,,missing,,0,0,0,1,"fm_build,fm_version,fm_version_comment",,
content/docs/sk/class_sthdf_dashboard/01-class_sthdf_dashboard_2025-2026/students/ST027/deliverables/05_pitch_presentation.md,,,missing,,0,0,0,1,"fm_build,fm_version,fm_version_comment",,
content/docs/sk/class_sthdf_dashboard/01-class_sthdf_dashboard_2025-2026/students/ST027/deliverables/06_final_presentation.md,,,missing,,0,0,0,1,"fm_build,fm_version,fm_version_comment",,
content/docs/sk/class_sthdf_dashboard/01-class_sthdf_dashboard_2025-2026/students/ST027/deliverables/07_reflexia.md,,,missing,,0,0,0,1,"fm_build,fm_version,fm_version_comment",,
content/docs/sk/class_sthdf_dashboard/01-class_sthdf_dashboard_2025-2026/students/ST027/deliverables/index.md,,,missing,,0,0,0,1,"fm_build,fm_version,fm_version_comment",,
content/docs/sk/class_sthdf_dashboard/01-class_sthdf_dashboard_2025-2026/students/ST027/index.md,,,missing,,0,0,0,1,"fm_build,fm_version,fm_version_comment",,
content/docs/sk/class_sthdf_dashboard/01-class_sthdf_dashboard_2025-2026/students/ST028/deliverables/01_about-me.md,,,missing,,0,0,0,1,"fm_build,fm_version,fm_version_comment",,
content/docs/sk/class_sthdf_dashboard/01-class_sthdf_dashboard_2025-2026/students/ST028/deliverables/02_knowledge-contribution.md,,,missing,,0,0,0,1,"fm_build,fm_version,fm_version_comment",,
content/docs/sk/class_sthdf_dashboard/01-class_sthdf_dashboard_2025-2026/students/ST028/deliverables/03_project-summary.md,,,missing,,0,0,0,1,"fm_build,fm_version,fm_version_comment",,
content/docs/sk/class_sthdf_dashboard/01-class_sthdf_dashboard_2025-2026/students/ST028/deliverables/04_project-outcomes.md,,,missing,,0,0,0,1,"fm_build,fm_version,fm_version_comment",,
content/docs/sk/class_sthdf_dashboard/01-class_sthdf_dashboard_2025-2026/students/ST028/deliverables/05_pitch_presentation.md,,,missing,,0,0,0,1,"fm_build,fm_version,fm_version_comment",,
content/docs/sk/class_sthdf_dashboard/01-class_sthdf_dashboard_2025-2026/students/ST028/deliverables/06_final_presentation.md,,,missing,,0,0,0,1,"fm_build,fm_version,fm_version_comment",,
content/docs/sk/class_sthdf_dashboard/01-class_sthdf_dashboard_2025-2026/students/ST028/deliverables/07_reflexia.md,,,missing,,0,0,0,1,"fm_build,fm_version,fm_version_comment",,
content/docs/sk/class_sthdf_dashboard/01-class_sthdf_dashboard_2025-2026/students/ST028/deliverables/index.md,,,missing,,0,0,0,1,"fm_build,fm_version,fm_version_comment",,
content/docs/sk/class_sthdf_dashboard/01-class_sthdf_dashboard_2025-2026/students/ST028/index.md,,,missing,,0,0,0,1,"fm_build,fm_version,fm_version_comment",,
content/docs/sk/class_sthdf_dashboard/01-class_sthdf_dashboard_2025-2026/students/ST029/deliverables/01_about-me.md,,,missing,,0,0,0,1,"fm_build,fm_version,fm_version_comment",,
content/docs/sk/class_sthdf_dashboard/01-class_sthdf_dashboard_2025-2026/students/ST029/deliverables/02_knowledge-contribution.md,,,missing,,0,0,0,1,"fm_build,fm_version,fm_version_comment",,
content/docs/sk/class_sthdf_dashboard/01-class_sthdf_dashboard_2025-2026/students/ST029/deliverables/03_project-summary.md,,,missing,,0,0,0,1,"fm_build,fm_version,fm_version_comment",,
content/docs/sk/class_sthdf_dashboard/01-class_sthdf_dashboard_2025-2026/students/ST029/deliverables/04_project-outcomes.md,,,missing,,0,0,0,1,"fm_build,fm_version,fm_version_comment",,
content/docs/sk/class_sthdf_dashboard/01-class_sthdf_dashboard_2025-2026/students/ST029/deliverables/05_pitch_presentation.md,,,missing,,0,0,0,1,"fm_build,fm_version,fm_version_comment",,
content/docs/sk/class_sthdf_dashboard/01-class_sthdf_dashboard_2025-2026/students/ST029/deliverables/06_final_presentation.md,,,missing,,0,0,0,1,"fm_build,fm_version,fm_version_comment",,
content/docs/sk/class_sthdf_dashboard/01-class_sthdf_dashboard_2025-2026/students/ST029/deliverables/07_reflexia.md,,,missing,,0,0,0,1,"fm_build,fm_version,fm_version_comment",,
content/docs/sk/class_sthdf_dashboard/01-class_sthdf_dashboard_2025-2026/students/ST029/deliverables/index.md,,,missing,,0,0,0,1,"fm_build,fm_version,fm_version_comment",,
content/docs/sk/class_sthdf_dashboard/01-class_sthdf_dashboard_2025-2026/students/ST029/index.md,,,missing,,0,0,0,1,"fm_build,fm_version,fm_version_comment",,
content/docs/sk/class_sthdf_dashboard/01-class_sthdf_dashboard_2025-2026/students/ST030/deliverables/01_about-me.md,,,missing,,0,0,0,1,"fm_build,fm_version,fm_version_comment",,
content/docs/sk/class_sthdf_dashboard/01-class_sthdf_dashboard_2025-2026/students/ST030/deliverables/02_knowledge-contribution.md,,,missing,,0,0,0,1,"fm_build,fm_version,fm_version_comment",,
content/docs/sk/class_sthdf_dashboard/01-class_sthdf_dashboard_2025-2026/students/ST030/deliverables/03_project-summary.md,,,missing,,0,0,0,1,"fm_build,fm_version,fm_version_comment",,
content/docs/sk/class_sthdf_dashboard/01-class_sthdf_dashboard_2025-2026/students/ST030/deliverables/04_project-outcomes.md,,,missing,,0,0,0,1,"fm_build,fm_version,fm_version_comment",,
content/docs/sk/class_sthdf_dashboard/01-class_sthdf_dashboard_2025-2026/students/ST030/deliverables/05_pitch_presentation.md,,,missing,,0,0,0,1,"fm_build,fm_version,fm_version_comment",,
content/docs/sk/class_sthdf_dashboard/01-class_sthdf_dashboard_2025-2026/students/ST030/deliverables/06_final_presentation.md,,,missing,,0,0,0,1,"fm_build,fm_version,fm_version_comment",,
content/docs/sk/class_sthdf_dashboard/01-class_sthdf_dashboard_2025-2026/students/ST030/deliverables/07_reflexia.md,,,missing,,0,0,0,1,"fm_build,fm_version,fm_version_comment",,
content/docs/sk/class_sthdf_dashboard/01-class_sthdf_dashboard_2025-2026/students/ST030/deliverables/index.md,,,missing,,0,0,0,1,"fm_build,fm_version,fm_version_comment",,
content/docs/sk/class_sthdf_dashboard/01-class_sthdf_dashboard_2025-2026/students/ST030/index.md,,,missing,,0,0,0,1,"fm_build,fm_version,fm_version_comment",,
content/docs/sk/class_sthdf_dashboard/01-class_sthdf_dashboard_2025-2026/students/ST031/deliverables/01_about-me.md,,,missing,,0,0,0,1,"fm_build,fm_version,fm_version_comment",,
content/docs/sk/class_sthdf_dashboard/01-class_sthdf_dashboard_2025-2026/students/ST031/deliverables/02_knowledge-contribution.md,,,missing,,0,0,0,1,"fm_build,fm_version,fm_version_comment",,
content/docs/sk/class_sthdf_dashboard/01-class_sthdf_dashboard_2025-2026/students/ST031/deliverables/03_project-summary.md,,,missing,,0,0,0,1,"fm_build,fm_version,fm_version_comment",,
content/docs/sk/class_sthdf_dashboard/01-class_sthdf_dashboard_2025-2026/students/ST031/deliverables/04_project-outcomes.md,,,missing,,0,0,0,1,"fm_build,fm_version,fm_version_comment",,
content/docs/sk/class_sthdf_dashboard/01-class_sthdf_dashboard_2025-2026/students/ST031/deliverables/05_pitch_presentation.md,,,missing,,0,0,0,1,"fm_build,fm_version,fm_version_comment",,
content/docs/sk/class_sthdf_dashboard/01-class_sthdf_dashboard_2025-2026/students/ST031/deliverables/06_final_presentation.md,,,missing,,0,0,0,1,"fm_build,fm_version,fm_version_comment",,
content/docs/sk/class_sthdf_dashboard/01-class_sthdf_dashboard_2025-2026/students/ST031/deliverables/07_reflexia.md,,,missing,,0,0,0,1,"fm_build,fm_version,fm_version_comment",,
content/docs/sk/class_sthdf_dashboard/01-class_sthdf_dashboard_2025-2026/students/ST031/deliverables/index.md,,,missing,,0,0,0,1,"fm_build,fm_version,fm_version_comment",,
content/docs/sk/class_sthdf_dashboard/01-class_sthdf_dashboard_2025-2026/students/ST031/index.md,,,missing,,0,0,0,1,"fm_build,fm_version,fm_version_comment",,
content/docs/sk/class_sthdf_dashboard/01-class_sthdf_dashboard_2025-2026/students/ST032/deliverables/01_about-me.md,,,missing,,0,0,0,1,"fm_build,fm_version,fm_version_comment",,
content/docs/sk/class_sthdf_dashboard/01-class_sthdf_dashboard_2025-2026/students/ST032/deliverables/02_knowledge-contribution.md,,,missing,,0,0,0,1,"fm_build,fm_version,fm_version_comment",,
content/docs/sk/class_sthdf_dashboard/01-class_sthdf_dashboard_2025-2026/students/ST032/deliverables/03_project-summary.md,,,missing,,0,0,0,1,"fm_build,fm_version,fm_version_comment",,
content/docs/sk/class_sthdf_dashboard/01-class_sthdf_dashboard_2025-2026/students/ST032/deliverables/04_project-outcomes.md,,,missing,,0,0,0,1,"fm_build,fm_version,fm_version_comment",,
content/docs/sk/class_sthdf_dashboard/01-class_sthdf_dashboard_2025-2026/students/ST032/deliverables/05_pitch_presentation.md,,,missing,,0,0,0,1,"fm_build,fm_version,fm_version_comment",,
content/docs/sk/class_sthdf_dashboard/01-class_sthdf_dashboard_2025-2026/students/ST032/deliverables/06_final_presentation.md,,,missing,,0,0,0,1,"fm_build,fm_version,fm_version_comment",,
content/docs/sk/class_sthdf_dashboard/01-class_sthdf_dashboard_2025-2026/students/ST032/deliverables/07_reflexia.md,,,missing,,0,0,0,1,"fm_build,fm_version,fm_version_comment",,
content/docs/sk/class_sthdf_dashboard/01-class_sthdf_dashboard_2025-2026/students/ST032/deliverables/index.md,,,missing,,0,0,0,1,"fm_build,fm_version,fm_version_comment",,
content/docs/sk/class_sthdf_dashboard/01-class_sthdf_dashboard_2025-2026/students/ST032/index.md,,,missing,,0,0,0,1,"fm_build,fm_version,fm_version_comment",,
content/docs/sk/class_sthdf_dashboard/01-class_sthdf_dashboard_2025-2026/students/ST033/deliverables/01_about-me.md,,,missing,,0,0,0,1,"fm_build,fm_version,fm_version_comment",,
content/docs/sk/class_sthdf_dashboard/01-class_sthdf_dashboard_2025-2026/students/ST033/deliverables/02_knowledge-contribution.md,,,missing,,0,0,0,1,"fm_build,fm_version,fm_version_comment",,
content/docs/sk/class_sthdf_dashboard/01-class_sthdf_dashboard_2025-2026/students/ST033/deliverables/03_project-summary.md,,,missing,,0,0,0,1,"fm_build,fm_version,fm_version_comment",,
content/docs/sk/class_sthdf_dashboard/01-class_sthdf_dashboard_2025-2026/students/ST033/deliverables/04_project-outcomes.md,,,missing,,0,0,0,1,"fm_build,fm_version,fm_version_comment",,
content/docs/sk/class_sthdf_dashboard/01-class_sthdf_dashboard_2025-2026/students/ST033/deliverables/05_pitch_presentation.md,,,missing,,0,0,0,1,"fm_build,fm_version,fm_version_comment",,
content/docs/sk/class_sthdf_dashboard/01-class_sthdf_dashboard_2025-2026/students/ST033/deliverables/06_final_presentation.md,,,missing,,0,0,0,1,"fm_build,fm_version,fm_version_comment",,
content/docs/sk/class_sthdf_dashboard/01-class_sthdf_dashboard_2025-2026/students/ST033/deliverables/07_reflexia.md,,,missing,,0,0,0,1,"fm_build,fm_version,fm_version_comment",,
content/docs/sk/class_sthdf_dashboard/01-class_sthdf_dashboard_2025-2026/students/ST033/deliverables/index.md,,,missing,,0,0,0,1,"fm_build,fm_version,fm_version_comment",,
content/docs/sk/class_sthdf_dashboard/01-class_sthdf_dashboard_2025-2026/students/ST033/index.md,,,missing,,0,0,0,1,"fm_build,fm_version,fm_version_comment",,
content/docs/sk/class_sthdf_dashboard/01-class_sthdf_dashboard_2025-2026/students/ST034/deliverables/01_about-me.md,,,missing,,0,0,0,1,"fm_build,fm_version,fm_version_comment",,
content/docs/sk/class_sthdf_dashboard/01-class_sthdf_dashboard_2025-2026/students/ST034/deliverables/02_knowledge-contribution.md,,,missing,,0,0,0,1,"fm_build,fm_version,fm_version_comment",,
content/docs/sk/class_sthdf_dashboard/01-class_sthdf_dashboard_2025-2026/students/ST034/deliverables/03_project-summary.md,,,missing,,0,0,0,1,"fm_build,fm_version,fm_version_comment",,
content/docs/sk/class_sthdf_dashboard/01-class_sthdf_dashboard_2025-2026/students/ST034/deliverables/04_project-outcomes.md,,,missing,,0,0,0,1,"fm_build,fm_version,fm_version_comment",,
content/docs/sk/class_sthdf_dashboard/01-class_sthdf_dashboard_2025-2026/students/ST034/deliverables/05_pitch_presentation.md,,,missing,,0,0,0,1,"fm_build,fm_version,fm_version_comment",,
content/docs/sk/class_sthdf_dashboard/01-class_sthdf_dashboard_2025-2026/students/ST034/deliverables/06_final_presentation.md,,,missing,,0,0,0,1,"fm_build,fm_version,fm_version_comment",,
content/docs/sk/class_sthdf_dashboard/01-class_sthdf_dashboard_2025-2026/students/ST034/deliverables/07_reflexia.md,,,missing,,0,0,0,1,"fm_build,fm_version,fm_version_comment",,
content/docs/sk/class_sthdf_dashboard/01-class_sthdf_dashboard_2025-2026/students/ST034/deliverables/index.md,,,missing,,0,0,0,1,"fm_build,fm_version,fm_version_comment",,
content/docs/sk/class_sthdf_dashboard/01-class_sthdf_dashboard_2025-2026/students/ST034/index.md,,,missing,,0,0,0,1,"fm_build,fm_version,fm_version_comment",,
content/docs/sk/class_sthdf_dashboard/01-class_sthdf_dashboard_2025-2026/students/ST035/deliverables/01_about-me.md,,,missing,,0,0,0,1,"fm_build,fm_version,fm_version_comment",,
content/docs/sk/class_sthdf_dashboard/01-class_sthdf_dashboard_2025-2026/students/ST035/deliverables/02_knowledge-contribution.md,,,missing,,0,0,0,1,"fm_build,fm_version,fm_version_comment",,
content/docs/sk/class_sthdf_dashboard/01-class_sthdf_dashboard_2025-2026/students/ST035/deliverables/03_project-summary.md,,,missing,,0,0,0,1,"fm_build,fm_version,fm_version_comment",,
content/docs/sk/class_sthdf_dashboard/01-class_sthdf_dashboard_2025-2026/students/ST035/deliverables/04_project-outcomes.md,,,missing,,0,0,0,1,"fm_build,fm_version,fm_version_comment",,
content/docs/sk/class_sthdf_dashboard/01-class_sthdf_dashboard_2025-2026/students/ST035/deliverables/05_pitch_presentation.md,,,missing,,0,0,0,1,"fm_build,fm_version,fm_version_comment",,
content/docs/sk/class_sthdf_dashboard/01-class_sthdf_dashboard_2025-2026/students/ST035/deliverables/06_final_presentation.md,,,missing,,0,0,0,1,"fm_build,fm_version,fm_version_comment",,
content/docs/sk/class_sthdf_dashboard/01-class_sthdf_dashboard_2025-2026/students/ST035/deliverables/07_reflexia.md,,,missing,,0,0,0,1,"fm_build,fm_version,fm_version_comment",,
content/docs/sk/class_sthdf_dashboard/01-class_sthdf_dashboard_2025-2026/students/ST035/deliverables/index.md,,,missing,,0,0,0,1,"fm_build,fm_version,fm_version_comment",,
content/docs/sk/class_sthdf_dashboard/01-class_sthdf_dashboard_2025-2026/students/ST035/index.md,,,missing,,0,0,0,1,"fm_build,fm_version,fm_version_comment",,
content/docs/sk/class_sthdf_dashboard/01-class_sthdf_dashboard_2025-2026/students/ST036/deliverables/01_about-me.md,,,missing,,0,0,0,1,"fm_build,fm_version,fm_version_comment",,
content/docs/sk/class_sthdf_dashboard/01-class_sthdf_dashboard_2025-2026/students/ST036/deliverables/02_knowledge-contribution.md,,,missing,,0,0,0,1,"fm_build,fm_version,fm_version_comment",,
content/docs/sk/class_sthdf_dashboard/01-class_sthdf_dashboard_2025-2026/students/ST036/deliverables/03_project-summary.md,,,missing,,0,0,0,1,"fm_build,fm_version,fm_version_comment",,
content/docs/sk/class_sthdf_dashboard/01-class_sthdf_dashboard_2025-2026/students/ST036/deliverables/04_project-outcomes.md,,,missing,,0,0,0,1,"fm_build,fm_version,fm_version_comment",,
content/docs/sk/class_sthdf_dashboard/01-class_sthdf_dashboard_2025-2026/students/ST036/deliverables/05_pitch_presentation.md,,,missing,,0,0,0,1,"fm_build,fm_version,fm_version_comment",,
content/docs/sk/class_sthdf_dashboard/01-class_sthdf_dashboard_2025-2026/students/ST036/deliverables/06_final_presentation.md,,,missing,,0,0,0,1,"fm_build,fm_version,fm_version_comment",,
content/docs/sk/class_sthdf_dashboard/01-class_sthdf_dashboard_2025-2026/students/ST036/deliverables/07_reflexia.md,,,missing,,0,0,0,1,"fm_build,fm_version,fm_version_comment",,
content/docs/sk/class_sthdf_dashboard/01-class_sthdf_dashboard_2025-2026/students/ST036/deliverables/index.md,,,missing,,0,0,0,1,"fm_build,fm_version,fm_version_comment",,
content/docs/sk/class_sthdf_dashboard/01-class_sthdf_dashboard_2025-2026/students/ST036/index.md,,,missing,,0,0,0,1,"fm_build,fm_version,fm_version_comment",,
content/docs/sk/class_sthdf_dashboard/01-class_sthdf_dashboard_2025-2026/students/ST037/deliverables/01_about-me.md,,,missing,,0,0,0,1,"fm_build,fm_version,fm_version_comment",,
content/docs/sk/class_sthdf_dashboard/01-class_sthdf_dashboard_2025-2026/students/ST037/deliverables/02_knowledge-contribution.md,,,missing,,0,0,0,1,"fm_build,fm_version,fm_version_comment",,
content/docs/sk/class_sthdf_dashboard/01-class_sthdf_dashboard_2025-2026/students/ST037/deliverables/03_project-summary.md,,,missing,,0,0,0,1,"fm_build,fm_version,fm_version_comment",,
content/docs/sk/class_sthdf_dashboard/01-class_sthdf_dashboard_2025-2026/students/ST037/deliverables/04_project-outcomes.md,,,missing,,0,0,0,1,"fm_build,fm_version,fm_version_comment",,
content/docs/sk/class_sthdf_dashboard/01-class_sthdf_dashboard_2025-2026/students/ST037/deliverables/05_pitch_presentation.md,,,missing,,0,0,0,1,"fm_build,fm_version,fm_version_comment",,
content/docs/sk/class_sthdf_dashboard/01-class_sthdf_dashboard_2025-2026/students/ST037/deliverables/06_final_presentation.md,,,missing,,0,0,0,1,"fm_build,fm_version,fm_version_comment",,
content/docs/sk/class_sthdf_dashboard/01-class_sthdf_dashboard_2025-2026/students/ST037/deliverables/07_reflexia.md,,,missing,,0,0,0,1,"fm_build,fm_version,fm_version_comment",,
content/docs/sk/class_sthdf_dashboard/01-class_sthdf_dashboard_2025-2026/students/ST037/deliverables/index.md,,,missing,,0,0,0,1,"fm_build,fm_version,fm_version_comment",,
content/docs/sk/class_sthdf_dashboard/01-class_sthdf_dashboard_2025-2026/students/ST037/index.md,,,missing,,0,0,0,1,"fm_build,fm_version,fm_version_comment",,
content/docs/sk/class_sthdf_dashboard/01-class_sthdf_dashboard_2025-2026/students/ST038/deliverables/01_about-me.md,,,missing,,0,0,0,1,"fm_build,fm_version,fm_version_comment",,
content/docs/sk/class_sthdf_dashboard/01-class_sthdf_dashboard_2025-2026/students/ST038/deliverables/02_knowledge-contribution.md,,,missing,,0,0,0,1,"fm_build,fm_version,fm_version_comment",,
content/docs/sk/class_sthdf_dashboard/01-class_sthdf_dashboard_2025-2026/students/ST038/deliverables/03_project-summary.md,,,missing,,0,0,0,1,"fm_build,fm_version,fm_version_comment",,
content/docs/sk/class_sthdf_dashboard/01-class_sthdf_dashboard_2025-2026/students/ST038/deliverables/04_project-outcomes.md,,,missing,,0,0,0,1,"fm_build,fm_version,fm_version_comment",,
content/docs/sk/class_sthdf_dashboard/01-class_sthdf_dashboard_2025-2026/students/ST038/deliverables/05_pitch_presentation.md,,,missing,,0,0,0,1,"fm_build,fm_version,fm_version_comment",,
content/docs/sk/class_sthdf_dashboard/01-class_sthdf_dashboard_2025-2026/students/ST038/deliverables/06_final_presentation.md,,,missing,,0,0,0,1,"fm_build,fm_version,fm_version_comment",,
content/docs/sk/class_sthdf_dashboard/01-class_sthdf_dashboard_2025-2026/students/ST038/deliverables/07_reflexia.md,,,missing,,0,0,0,1,"fm_build,fm_version,fm_version_comment",,
content/docs/sk/class_sthdf_dashboard/01-class_sthdf_dashboard_2025-2026/students/ST038/deliverables/index.md,,,missing,,0,0,0,1,"fm_build,fm_version,fm_version_comment",,
content/docs/sk/class_sthdf_dashboard/01-class_sthdf_dashboard_2025-2026/students/ST038/index.md,,,missing,,0,0,0,1,"fm_build,fm_version,fm_version_comment",,
content/docs/sk/class_sthdf_dashboard/01-class_sthdf_dashboard_2025-2026/students/ST039/deliverables/01_about-me.md,,,missing,,0,0,0,1,"fm_build,fm_version,fm_version_comment",,
content/docs/sk/class_sthdf_dashboard/01-class_sthdf_dashboard_2025-2026/students/ST039/deliverables/02_knowledge-contribution.md,,,missing,,0,0,0,1,"fm_build,fm_version,fm_version_comment",,
content/docs/sk/class_sthdf_dashboard/01-class_sthdf_dashboard_2025-2026/students/ST039/deliverables/03_project-summary.md,,,missing,,0,0,0,1,"fm_build,fm_version,fm_version_comment",,
content/docs/sk/class_sthdf_dashboard/01-class_sthdf_dashboard_2025-2026/students/ST039/deliverables/04_project-outcomes.md,,,missing,,0,0,0,1,"fm_build,fm_version,fm_version_comment",,
content/docs/sk/class_sthdf_dashboard/01-class_sthdf_dashboard_2025-2026/students/ST039/deliverables/05_pitch_presentation.md,,,missing,,0,0,0,1,"fm_build,fm_version,fm_version_comment",,
content/docs/sk/class_sthdf_dashboard/01-class_sthdf_dashboard_2025-2026/students/ST039/deliverables/06_final_presentation.md,,,missing,,0,0,0,1,"fm_build,fm_version,fm_version_comment",,
content/docs/sk/class_sthdf_dashboard/01-class_sthdf_dashboard_2025-2026/students/ST039/deliverables/07_reflexia.md,,,missing,,0,0,0,1,"fm_build,fm_version,fm_version_comment",,
content/docs/sk/class_sthdf_dashboard/01-class_sthdf_dashboard_2025-2026/students/ST039/deliverables/index.md,,,missing,,0,0,0,1,"fm_build,fm_version,fm_version_comment",,
content/docs/sk/class_sthdf_dashboard/01-class_sthdf_dashboard_2025-2026/students/ST039/index.md,,,missing,,0,0,0,1,"fm_build,fm_version,fm_version_comment",,
content/docs/sk/class_sthdf_dashboard/01-class_sthdf_dashboard_2025-2026/students/ST040/deliverables/01_about-me.md,,,missing,,0,0,0,1,"fm_build,fm_version,fm_version_comment",,
content/docs/sk/class_sthdf_dashboard/01-class_sthdf_dashboard_2025-2026/students/ST040/deliverables/02_knowledge-contribution.md,,,missing,,0,0,0,1,"fm_build,fm_version,fm_version_comment",,
content/docs/sk/class_sthdf_dashboard/01-class_sthdf_dashboard_2025-2026/students/ST040/deliverables/03_project-summary.md,,,missing,,0,0,0,1,"fm_build,fm_version,fm_version_comment",,
content/docs/sk/class_sthdf_dashboard/01-class_sthdf_dashboard_2025-2026/students/ST040/deliverables/04_project-outcomes.md,,,missing,,0,0,0,1,"fm_build,fm_version,fm_version_comment",,
content/docs/sk/class_sthdf_dashboard/01-class_sthdf_dashboard_2025-2026/students/ST040/deliverables/05_pitch_presentation.md,,,missing,,0,0,0,1,"fm_build,fm_version,fm_version_comment",,
content/docs/sk/class_sthdf_dashboard/01-class_sthdf_dashboard_2025-2026/students/ST040/deliverables/06_final_presentation.md,,,missing,,0,0,0,1,"fm_build,fm_version,fm_version_comment",,
content/docs/sk/class_sthdf_dashboard/01-class_sthdf_dashboard_2025-2026/students/ST040/deliverables/07_reflexia.md,,,missing,,0,0,0,1,"fm_build,fm_version,fm_version_comment",,
content/docs/sk/class_sthdf_dashboard/01-class_sthdf_dashboard_2025-2026/students/ST040/deliverables/index.md,,,missing,,0,0,0,1,"fm_build,fm_version,fm_version_comment",,
content/docs/sk/class_sthdf_dashboard/01-class_sthdf_dashboard_2025-2026/students/ST040/index.md,,,missing,,0,0,0,1,"fm_build,fm_version,fm_version_comment",,
content/docs/sk/class_sthdf_dashboard/01-class_sthdf_dashboard_2025-2026/students/ST041/deliverables/01_about-me.md,,,missing,,0,0,0,1,"fm_build,fm_version,fm_version_comment",,
content/docs/sk/class_sthdf_dashboard/01-class_sthdf_dashboard_2025-2026/students/ST041/deliverables/02_knowledge-contribution.md,,,missing,,0,0,0,1,"fm_build,fm_version,fm_version_comment",,
content/docs/sk/class_sthdf_dashboard/01-class_sthdf_dashboard_2025-2026/students/ST041/deliverables/03_project-summary.md,,,missing,,0,0,0,1,"fm_build,fm_version,fm_version_comment",,
content/docs/sk/class_sthdf_dashboard/01-class_sthdf_dashboard_2025-2026/students/ST041/deliverables/04_project-outcomes.md,,,missing,,0,0,0,1,"fm_build,fm_version,fm_version_comment",,
content/docs/sk/class_sthdf_dashboard/01-class_sthdf_dashboard_2025-2026/students/ST041/deliverables/05_pitch_presentation.md,,,missing,,0,0,0,1,"fm_build,fm_version,fm_version_comment",,
content/docs/sk/class_sthdf_dashboard/01-class_sthdf_dashboard_2025-2026/students/ST041/deliverables/06_final_presentation.md,,,missing,,0,0,0,1,"fm_build,fm_version,fm_version_comment",,
content/docs/sk/class_sthdf_dashboard/01-class_sthdf_dashboard_2025-2026/students/ST041/deliverables/07_reflexia.md,,,missing,,0,0,0,1,"fm_build,fm_version,fm_version_comment",,
content/docs/sk/class_sthdf_dashboard/01-class_sthdf_dashboard_2025-2026/students/ST041/deliverables/index.md,,,missing,,0,0,0,1,"fm_build,fm_version,fm_version_comment",,
content/docs/sk/class_sthdf_dashboard/01-class_sthdf_dashboard_2025-2026/students/ST041/index.md,,,missing,,0,0,0,1,"fm_build,fm_version,fm_version_comment",,
content/docs/sk/class_sthdf_dashboard/01-class_sthdf_dashboard_2025-2026/students/ST042/deliverables/01_about-me.md,,,missing,,0,0,0,1,"fm_build,fm_version,fm_version_comment",,
content/docs/sk/class_sthdf_dashboard/01-class_sthdf_dashboard_2025-2026/students/ST042/deliverables/02_knowledge-contribution.md,,,missing,,0,0,0,1,"fm_build,fm_version,fm_version_comment",,
content/docs/sk/class_sthdf_dashboard/01-class_sthdf_dashboard_2025-2026/students/ST042/deliverables/03_project-summary.md,,,missing,,0,0,0,1,"fm_build,fm_version,fm_version_comment",,
content/docs/sk/class_sthdf_dashboard/01-class_sthdf_dashboard_2025-2026/students/ST042/deliverables/04_project-outcomes.md,,,missing,,0,0,0,1,"fm_build,fm_version,fm_version_comment",,
content/docs/sk/class_sthdf_dashboard/01-class_sthdf_dashboard_2025-2026/students/ST042/deliverables/05_pitch_presentation.md,,,missing,,0,0,0,1,"fm_build,fm_version,fm_version_comment",,
content/docs/sk/class_sthdf_dashboard/01-class_sthdf_dashboard_2025-2026/students/ST042/deliverables/06_final_presentation.md,,,missing,,0,0,0,1,"fm_build,fm_version,fm_version_comment",,
content/docs/sk/class_sthdf_dashboard/01-class_sthdf_dashboard_2025-2026/students/ST042/deliverables/07_reflexia.md,,,missing,,0,0,0,1,"fm_build,fm_version,fm_version_comment",,
content/docs/sk/class_sthdf_dashboard/01-class_sthdf_dashboard_2025-2026/students/ST042/deliverables/index.md,,,missing,,0,0,0,1,"fm_build,fm_version,fm_version_comment",,
content/docs/sk/class_sthdf_dashboard/01-class_sthdf_dashboard_2025-2026/students/ST042/index.md,,,missing,,0,0,0,1,"fm_build,fm_version,fm_version_comment",,
content/docs/sk/class_sthdf_dashboard/01-class_sthdf_dashboard_2025-2026/students/ST043/deliverables/01_about-me.md,,,missing,,0,0,0,1,"fm_build,fm_version,fm_version_comment",,
content/docs/sk/class_sthdf_dashboard/01-class_sthdf_dashboard_2025-2026/students/ST043/deliverables/02_knowledge-contribution.md,,,missing,,0,0,0,1,"fm_build,fm_version,fm_version_comment",,
content/docs/sk/class_sthdf_dashboard/01-class_sthdf_dashboard_2025-2026/students/ST043/deliverables/03_project-summary.md,,,missing,,0,0,0,1,"fm_build,fm_version,fm_version_comment",,
content/docs/sk/class_sthdf_dashboard/01-class_sthdf_dashboard_2025-2026/students/ST043/deliverables/04_project-outcomes.md,,,missing,,0,0,0,1,"fm_build,fm_version,fm_version_comment",,
content/docs/sk/class_sthdf_dashboard/01-class_sthdf_dashboard_2025-2026/students/ST043/deliverables/05_pitch_presentation.md,,,missing,,0,0,0,1,"fm_build,fm_version,fm_version_comment",,
content/docs/sk/class_sthdf_dashboard/01-class_sthdf_dashboard_2025-2026/students/ST043/deliverables/06_final_presentation.md,,,missing,,0,0,0,1,"fm_build,fm_version,fm_version_comment",,
content/docs/sk/class_sthdf_dashboard/01-class_sthdf_dashboard_2025-2026/students/ST043/deliverables/07_reflexia.md,,,missing,,0,0,0,1,"fm_build,fm_version,fm_version_comment",,
content/docs/sk/class_sthdf_dashboard/01-class_sthdf_dashboard_2025-2026/students/ST043/deliverables/index.md,,,missing,,0,0,0,1,"fm_build,fm_version,fm_version_comment",,
content/docs/sk/class_sthdf_dashboard/01-class_sthdf_dashboard_2025-2026/students/ST043/index.md,,,missing,,0,0,0,1,"fm_build,fm_version,fm_version_comment",,
content/docs/sk/class_sthdf_dashboard/01-class_sthdf_dashboard_2025-2026/students/ST044/deliverables/01_about-me.md,,,missing,,0,0,0,1,"fm_build,fm_version,fm_version_comment",,
content/docs/sk/class_sthdf_dashboard/01-class_sthdf_dashboard_2025-2026/students/ST044/deliverables/02_knowledge-contribution.md,,,missing,,0,0,0,1,"fm_build,fm_version,fm_version_comment",,
content/docs/sk/class_sthdf_dashboard/01-class_sthdf_dashboard_2025-2026/students/ST044/deliverables/03_project-summary.md,,,missing,,0,0,0,1,"fm_build,fm_version,fm_version_comment",,
content/docs/sk/class_sthdf_dashboard/01-class_sthdf_dashboard_2025-2026/students/ST044/deliverables/04_project-outcomes.md,,,missing,,0,0,0,1,"fm_build,fm_version,fm_version_comment",,
content/docs/sk/class_sthdf_dashboard/01-class_sthdf_dashboard_2025-2026/students/ST044/deliverables/05_pitch_presentation.md,,,missing,,0,0,0,1,"fm_build,fm_version,fm_version_comment",,
content/docs/sk/class_sthdf_dashboard/01-class_sthdf_dashboard_2025-2026/students/ST044/deliverables/06_final_presentation.md,,,missing,,0,0,0,1,"fm_build,fm_version,fm_version_comment",,
content/docs/sk/class_sthdf_dashboard/01-class_sthdf_dashboard_2025-2026/students/ST044/deliverables/07_reflexia.md,,,missing,,0,0,0,1,"fm_build,fm_version,fm_version_comment",,
content/docs/sk/class_sthdf_dashboard/01-class_sthdf_dashboard_2025-2026/students/ST044/deliverables/index.md,,,missing,,0,0,0,1,"fm_build,fm_version,fm_version_comment",,
content/docs/sk/class_sthdf_dashboard/01-class_sthdf_dashboard_2025-2026/students/ST044/index.md,,,missing,,0,0,0,1,"fm_build,fm_version,fm_version_comment",,
content/docs/sk/class_sthdf_dashboard/01-class_sthdf_dashboard_2025-2026/students/ST045/deliverables/01_about-me.md,,,missing,,0,0,0,1,"fm_build,fm_version,fm_version_comment",,
content/docs/sk/class_sthdf_dashboard/01-class_sthdf_dashboard_2025-2026/students/ST045/deliverables/02_knowledge-contribution.md,,,missing,,0,0,0,1,"fm_build,fm_version,fm_version_comment",,
content/docs/sk/class_sthdf_dashboard/01-class_sthdf_dashboard_2025-2026/students/ST045/deliverables/03_project-summary.md,,,missing,,0,0,0,1,"fm_build,fm_version,fm_version_comment",,
content/docs/sk/class_sthdf_dashboard/01-class_sthdf_dashboard_2025-2026/students/ST045/deliverables/04_project-outcomes.md,,,missing,,0,0,0,1,"fm_build,fm_version,fm_version_comment",,
content/docs/sk/class_sthdf_dashboard/01-class_sthdf_dashboard_2025-2026/students/ST045/deliverables/05_pitch_presentation.md,,,missing,,0,0,0,1,"fm_build,fm_version,fm_version_comment",,
content/docs/sk/class_sthdf_dashboard/01-class_sthdf_dashboard_2025-2026/students/ST045/deliverables/06_final_presentation.md,,,missing,,0,0,0,1,"fm_build,fm_version,fm_version_comment",,
content/docs/sk/class_sthdf_dashboard/01-class_sthdf_dashboard_2025-2026/students/ST045/deliverables/07_reflexia.md,,,missing,,0,0,0,1,"fm_build,fm_version,fm_version_comment",,
content/docs/sk/class_sthdf_dashboard/01-class_sthdf_dashboard_2025-2026/students/ST045/deliverables/index.md,,,missing,,0,0,0,1,"fm_build,fm_version,fm_version_comment",,
content/docs/sk/class_sthdf_dashboard/01-class_sthdf_dashboard_2025-2026/students/ST045/index.md,,,missing,,0,0,0,1,"fm_build,fm_version,fm_version_comment",,
content/docs/sk/class_sthdf_dashboard/01-class_sthdf_dashboard_2025-2026/students/ST046/deliverables/01_about-me.md,,,missing,,0,0,0,1,"fm_build,fm_version,fm_version_comment",,
content/docs/sk/class_sthdf_dashboard/01-class_sthdf_dashboard_2025-2026/students/ST046/deliverables/02_knowledge-contribution.md,,,missing,,0,0,0,1,"fm_build,fm_version,fm_version_comment",,
content/docs/sk/class_sthdf_dashboard/01-class_sthdf_dashboard_2025-2026/students/ST046/deliverables/03_project-summary.md,,,missing,,0,0,0,1,"fm_build,fm_version,fm_version_comment",,
content/docs/sk/class_sthdf_dashboard/01-class_sthdf_dashboard_2025-2026/students/ST046/deliverables/04_project-outcomes.md,,,missing,,0,0,0,1,"fm_build,fm_version,fm_version_comment",,
content/docs/sk/class_sthdf_dashboard/01-class_sthdf_dashboard_2025-2026/students/ST046/deliverables/05_pitch_presentation.md,,,missing,,0,0,0,1,"fm_build,fm_version,fm_version_comment",,
content/docs/sk/class_sthdf_dashboard/01-class_sthdf_dashboard_2025-2026/students/ST046/deliverables/06_final_presentation.md,,,missing,,0,0,0,1,"fm_build,fm_version,fm_version_comment",,
content/docs/sk/class_sthdf_dashboard/01-class_sthdf_dashboard_2025-2026/students/ST046/deliverables/07_reflexia.md,,,missing,,0,0,0,1,"fm_build,fm_version,fm_version_comment",,
content/docs/sk/class_sthdf_dashboard/01-class_sthdf_dashboard_2025-2026/students/ST046/deliverables/index.md,,,missing,,0,0,0,1,"fm_build,fm_version,fm_version_comment",,
content/docs/sk/class_sthdf_dashboard/01-class_sthdf_dashboard_2025-2026/students/ST046/index.md,,,missing,,0,0,0,1,"fm_build,fm_version,fm_version_comment",,
content/docs/sk/class_sthdf_dashboard/01-class_sthdf_dashboard_2025-2026/students/ST047/deliverables/01_about-me.md,,,missing,,0,0,0,1,"fm_build,fm_version,fm_version_comment",,
content/docs/sk/class_sthdf_dashboard/01-class_sthdf_dashboard_2025-2026/students/ST047/deliverables/02_knowledge-contribution.md,,,missing,,0,0,0,1,"fm_build,fm_version,fm_version_comment",,
content/docs/sk/class_sthdf_dashboard/01-class_sthdf_dashboard_2025-2026/students/ST047/deliverables/03_project-summary.md,,,missing,,0,0,0,1,"fm_build,fm_version,fm_version_comment",,
content/docs/sk/class_sthdf_dashboard/01-class_sthdf_dashboard_2025-2026/students/ST047/deliverables/04_project-outcomes.md,,,missing,,0,0,0,1,"fm_build,fm_version,fm_version_comment",,
content/docs/sk/class_sthdf_dashboard/01-class_sthdf_dashboard_2025-2026/students/ST047/deliverables/05_pitch_presentation.md,,,missing,,0,0,0,1,"fm_build,fm_version,fm_version_comment",,
content/docs/sk/class_sthdf_dashboard/01-class_sthdf_dashboard_2025-2026/students/ST047/deliverables/06_final_presentation.md,,,missing,,0,0,0,1,"fm_build,fm_version,fm_version_comment",,
content/docs/sk/class_sthdf_dashboard/01-class_sthdf_dashboard_2025-2026/students/ST047/deliverables/07_reflexia.md,,,missing,,0,0,0,1,"fm_build,fm_version,fm_version_comment",,
content/docs/sk/class_sthdf_dashboard/01-class_sthdf_dashboard_2025-2026/students/ST047/deliverables/index.md,,,missing,,0,0,0,1,"fm_build,fm_version,fm_version_comment",,
content/docs/sk/class_sthdf_dashboard/01-class_sthdf_dashboard_2025-2026/students/ST047/index.md,,,missing,,0,0,0,1,"fm_build,fm_version,fm_version_comment",,
content/docs/sk/class_sthdf_dashboard/01-class_sthdf_dashboard_2025-2026/students/ST048/deliverables/01_about-me.md,,,missing,,0,0,0,1,"fm_build,fm_version,fm_version_comment",,
content/docs/sk/class_sthdf_dashboard/01-class_sthdf_dashboard_2025-2026/students/ST048/deliverables/02_knowledge-contribution.md,,,missing,,0,0,0,1,"fm_build,fm_version,fm_version_comment",,
content/docs/sk/class_sthdf_dashboard/01-class_sthdf_dashboard_2025-2026/students/ST048/deliverables/03_project-summary.md,,,missing,,0,0,0,1,"fm_build,fm_version,fm_version_comment",,
content/docs/sk/class_sthdf_dashboard/01-class_sthdf_dashboard_2025-2026/students/ST048/deliverables/04_project-outcomes.md,,,missing,,0,0,0,1,"fm_build,fm_version,fm_version_comment",,
content/docs/sk/class_sthdf_dashboard/01-class_sthdf_dashboard_2025-2026/students/ST048/deliverables/05_pitch_presentation.md,,,missing,,0,0,0,1,"fm_build,fm_version,fm_version_comment",,
content/docs/sk/class_sthdf_dashboard/01-class_sthdf_dashboard_2025-2026/students/ST048/deliverables/06_final_presentation.md,,,missing,,0,0,0,1,"fm_build,fm_version,fm_version_comment",,
content/docs/sk/class_sthdf_dashboard/01-class_sthdf_dashboard_2025-2026/students/ST048/deliverables/07_reflexia.md,,,missing,,0,0,0,1,"fm_build,fm_version,fm_version_comment",,
content/docs/sk/class_sthdf_dashboard/01-class_sthdf_dashboard_2025-2026/students/ST048/deliverables/index.md,,,missing,,0,0,0,1,"fm_build,fm_version,fm_version_comment",,
content/docs/sk/class_sthdf_dashboard/01-class_sthdf_dashboard_2025-2026/students/ST048/index.md,,,missing,,0,0,0,1,"fm_build,fm_version,fm_version_comment",,
content/docs/sk/class_sthdf_dashboard/01-class_sthdf_dashboard_2025-2026/students/ST049/deliverables/01_about-me.md,,,missing,,0,0,0,1,"fm_build,fm_version,fm_version_comment",,
content/docs/sk/class_sthdf_dashboard/01-class_sthdf_dashboard_2025-2026/students/ST049/deliverables/02_knowledge-contribution.md,,,missing,,0,0,0,1,"fm_build,fm_version,fm_version_comment",,
content/docs/sk/class_sthdf_dashboard/01-class_sthdf_dashboard_2025-2026/students/ST049/deliverables/03_project-summary.md,,,missing,,0,0,0,1,"fm_build,fm_version,fm_version_comment",,
content/docs/sk/class_sthdf_dashboard/01-class_sthdf_dashboard_2025-2026/students/ST049/deliverables/04_project-outcomes.md,,,missing,,0,0,0,1,"fm_build,fm_version,fm_version_comment",,
content/docs/sk/class_sthdf_dashboard/01-class_sthdf_dashboard_2025-2026/students/ST049/deliverables/05_pitch_presentation.md,,,missing,,0,0,0,1,"fm_build,fm_version,fm_version_comment",,
content/docs/sk/class_sthdf_dashboard/01-class_sthdf_dashboard_2025-2026/students/ST049/deliverables/06_final_presentation.md,,,missing,,0,0,0,1,"fm_build,fm_version,fm_version_comment",,
content/docs/sk/class_sthdf_dashboard/01-class_sthdf_dashboard_2025-2026/students/ST049/deliverables/07_reflexia.md,,,missing,,0,0,0,1,"fm_build,fm_version,fm_version_comment",,
content/docs/sk/class_sthdf_dashboard/01-class_sthdf_dashboard_2025-2026/students/ST049/deliverables/index.md,,,missing,,0,0,0,1,"fm_build,fm_version,fm_version_comment",,
content/docs/sk/class_sthdf_dashboard/01-class_sthdf_dashboard_2025-2026/students/ST049/index.md,,,missing,,0,0,0,1,"fm_build,fm_version,fm_version_comment",,
content/docs/sk/class_sthdf_dashboard/01-class_sthdf_dashboard_2025-2026/students/ST050/deliverables/01_about-me.md,,,missing,,0,0,0,1,"fm_build,fm_version,fm_version_comment",,
content/docs/sk/class_sthdf_dashboard/01-class_sthdf_dashboard_2025-2026/students/ST050/deliverables/02_knowledge-contribution.md,,,missing,,0,0,0,1,"fm_build,fm_version,fm_version_comment",,
content/docs/sk/class_sthdf_dashboard/01-class_sthdf_dashboard_2025-2026/students/ST050/deliverables/03_project-summary.md,,,missing,,0,0,0,1,"fm_build,fm_version,fm_version_comment",,
content/docs/sk/class_sthdf_dashboard/01-class_sthdf_dashboard_2025-2026/students/ST050/deliverables/04_project-outcomes.md,,,missing,,0,0,0,1,"fm_build,fm_version,fm_version_comment",,
content/docs/sk/class_sthdf_dashboard/01-class_sthdf_dashboard_2025-2026/students/ST050/deliverables/05_pitch_presentation.md,,,missing,,0,0,0,1,"fm_build,fm_version,fm_version_comment",,
content/docs/sk/class_sthdf_dashboard/01-class_sthdf_dashboard_2025-2026/students/ST050/deliverables/06_final_presentation.md,,,missing,,0,0,0,1,"fm_build,fm_version,fm_version_comment",,
content/docs/sk/class_sthdf_dashboard/01-class_sthdf_dashboard_2025-2026/students/ST050/deliverables/07_reflexia.md,,,missing,,0,0,0,1,"fm_build,fm_version,fm_version_comment",,
content/docs/sk/class_sthdf_dashboard/01-class_sthdf_dashboard_2025-2026/students/ST050/deliverables/index.md,,,missing,,0,0,0,1,"fm_build,fm_version,fm_version_comment",,
content/docs/sk/class_sthdf_dashboard/01-class_sthdf_dashboard_2025-2026/students/ST050/index.md,,,missing,,0,0,0,1,"fm_build,fm_version,fm_version_comment",,
content/docs/sk/class_sthdf_dashboard/01-class_sthdf_dashboard_2025-2026/students/ST051/deliverables/01_about-me.md,,,missing,,0,0,0,1,"fm_build,fm_version,fm_version_comment",,
content/docs/sk/class_sthdf_dashboard/01-class_sthdf_dashboard_2025-2026/students/ST051/deliverables/02_knowledge-contribution.md,,,missing,,0,0,0,1,"fm_build,fm_version,fm_version_comment",,
content/docs/sk/class_sthdf_dashboard/01-class_sthdf_dashboard_2025-2026/students/ST051/deliverables/03_project-summary.md,,,missing,,0,0,0,1,"fm_build,fm_version,fm_version_comment",,
content/docs/sk/class_sthdf_dashboard/01-class_sthdf_dashboard_2025-2026/students/ST051/deliverables/04_project-outcomes.md,,,missing,,0,0,0,1,"fm_build,fm_version,fm_version_comment",,
content/docs/sk/class_sthdf_dashboard/01-class_sthdf_dashboard_2025-2026/students/ST051/deliverables/05_pitch_presentation.md,,,missing,,0,0,0,1,"fm_build,fm_version,fm_version_comment",,
content/docs/sk/class_sthdf_dashboard/01-class_sthdf_dashboard_2025-2026/students/ST051/deliverables/06_final_presentation.md,,,missing,,0,0,0,1,"fm_build,fm_version,fm_version_comment",,
content/docs/sk/class_sthdf_dashboard/01-class_sthdf_dashboard_2025-2026/students/ST051/deliverables/07_reflexia.md,,,missing,,0,0,0,1,"fm_build,fm_version,fm_version_comment",,
content/docs/sk/class_sthdf_dashboard/01-class_sthdf_dashboard_2025-2026/students/ST051/deliverables/index.md,,,missing,,0,0,0,1,"fm_build,fm_version,fm_version_comment",,
content/docs/sk/class_sthdf_dashboard/01-class_sthdf_dashboard_2025-2026/students/ST051/index.md,,,missing,,0,0,0,1,"fm_build,fm_version,fm_version_comment",,
content/docs/sk/class_sthdf_dashboard/01-class_sthdf_dashboard_2025-2026/students/ST052/deliverables/01_about-me.md,,,missing,,0,0,0,1,"fm_build,fm_version,fm_version_comment",,
content/docs/sk/class_sthdf_dashboard/01-class_sthdf_dashboard_2025-2026/students/ST052/deliverables/02_knowledge-contribution.md,,,missing,,0,0,0,1,"fm_build,fm_version,fm_version_comment",,
content/docs/sk/class_sthdf_dashboard/01-class_sthdf_dashboard_2025-2026/students/ST052/deliverables/03_project-summary.md,,,missing,,0,0,0,1,"fm_build,fm_version,fm_version_comment",,
content/docs/sk/class_sthdf_dashboard/01-class_sthdf_dashboard_2025-2026/students/ST052/deliverables/04_project-outcomes.md,,,missing,,0,0,0,1,"fm_build,fm_version,fm_version_comment",,
content/docs/sk/class_sthdf_dashboard/01-class_sthdf_dashboard_2025-2026/students/ST052/deliverables/05_pitch_presentation.md,,,missing,,0,0,0,1,"fm_build,fm_version,fm_version_comment",,
content/docs/sk/class_sthdf_dashboard/01-class_sthdf_dashboard_2025-2026/students/ST052/deliverables/06_final_presentation.md,,,missing,,0,0,0,1,"fm_build,fm_version,fm_version_comment",,
content/docs/sk/class_sthdf_dashboard/01-class_sthdf_dashboard_2025-2026/students/ST052/deliverables/07_reflexia.md,,,missing,,0,0,0,1,"fm_build,fm_version,fm_version_comment",,
content/docs/sk/class_sthdf_dashboard/01-class_sthdf_dashboard_2025-2026/students/ST052/deliverables/index.md,,,missing,,0,0,0,1,"fm_build,fm_version,fm_version_comment",,
content/docs/sk/class_sthdf_dashboard/01-class_sthdf_dashboard_2025-2026/students/ST052/index.md,,,missing,,0,0,0,1,"fm_build,fm_version,fm_version_comment",,
content/docs/sk/class_sthdf_dashboard/01-class_sthdf_dashboard_2025-2026/students/ST053/deliverables/01_about-me.md,,,missing,,0,0,0,1,"fm_build,fm_version,fm_version_comment",,
content/docs/sk/class_sthdf_dashboard/01-class_sthdf_dashboard_2025-2026/students/ST053/deliverables/02_knowledge-contribution.md,,,missing,,0,0,0,1,"fm_build,fm_version,fm_version_comment",,
content/docs/sk/class_sthdf_dashboard/01-class_sthdf_dashboard_2025-2026/students/ST053/deliverables/03_project-summary.md,,,missing,,0,0,0,1,"fm_build,fm_version,fm_version_comment",,
content/docs/sk/class_sthdf_dashboard/01-class_sthdf_dashboard_2025-2026/students/ST053/deliverables/04_project-outcomes.md,,,missing,,0,0,0,1,"fm_build,fm_version,fm_version_comment",,
content/docs/sk/class_sthdf_dashboard/01-class_sthdf_dashboard_2025-2026/students/ST053/deliverables/05_pitch_presentation.md,,,missing,,0,0,0,1,"fm_build,fm_version,fm_version_comment",,
content/docs/sk/class_sthdf_dashboard/01-class_sthdf_dashboard_2025-2026/students/ST053/deliverables/06_final_presentation.md,,,missing,,0,0,0,1,"fm_build,fm_version,fm_version_comment",,
content/docs/sk/class_sthdf_dashboard/01-class_sthdf_dashboard_2025-2026/students/ST053/deliverables/07_reflexia.md,,,missing,,0,0,0,1,"fm_build,fm_version,fm_version_comment",,
content/docs/sk/class_sthdf_dashboard/01-class_sthdf_dashboard_2025-2026/students/ST053/deliverables/index.md,,,missing,,0,0,0,1,"fm_build,fm_version,fm_version_comment",,
content/docs/sk/class_sthdf_dashboard/01-class_sthdf_dashboard_2025-2026/students/ST053/index.md,,,missing,,0,0,0,1,"fm_build,fm_version,fm_version_comment",,
content/docs/sk/class_sthdf_dashboard/01-class_sthdf_dashboard_2025-2026/students/ST054/deliverables/01_about-me.md,,,missing,,0,0,0,1,"fm_build,fm_version,fm_version_comment",,
content/docs/sk/class_sthdf_dashboard/01-class_sthdf_dashboard_2025-2026/students/ST054/deliverables/02_knowledge-contribution.md,,,missing,,0,0,0,1,"fm_build,fm_version,fm_version_comment",,
content/docs/sk/class_sthdf_dashboard/01-class_sthdf_dashboard_2025-2026/students/ST054/deliverables/03_project-summary.md,,,missing,,0,0,0,1,"fm_build,fm_version,fm_version_comment",,
content/docs/sk/class_sthdf_dashboard/01-class_sthdf_dashboard_2025-2026/students/ST054/deliverables/04_project-outcomes.md,,,missing,,0,0,0,1,"fm_build,fm_version,fm_version_comment",,
content/docs/sk/class_sthdf_dashboard/01-class_sthdf_dashboard_2025-2026/students/ST054/deliverables/05_pitch_presentation.md,,,missing,,0,0,0,1,"fm_build,fm_version,fm_version_comment",,
content/docs/sk/class_sthdf_dashboard/01-class_sthdf_dashboard_2025-2026/students/ST054/deliverables/06_final_presentation.md,,,missing,,0,0,0,1,"fm_build,fm_version,fm_version_comment",,
content/docs/sk/class_sthdf_dashboard/01-class_sthdf_dashboard_2025-2026/students/ST054/deliverables/07_reflexia.md,,,missing,,0,0,0,1,"fm_build,fm_version,fm_version_comment",,
content/docs/sk/class_sthdf_dashboard/01-class_sthdf_dashboard_2025-2026/students/ST054/deliverables/index.md,,,missing,,0,0,0,1,"fm_build,fm_version,fm_version_comment",,
content/docs/sk/class_sthdf_dashboard/01-class_sthdf_dashboard_2025-2026/students/ST054/index.md,,,missing,,0,0,0,1,"fm_build,fm_version,fm_version_comment",,
content/docs/sk/class_sthdf_dashboard/01-class_sthdf_dashboard_2025-2026/students/ST055/deliverables/01_about-me.md,,,missing,,0,0,0,1,"fm_build,fm_version,fm_version_comment",,
content/docs/sk/class_sthdf_dashboard/01-class_sthdf_dashboard_2025-2026/students/ST055/deliverables/02_knowledge-contribution.md,,,missing,,0,0,0,1,"fm_build,fm_version,fm_version_comment",,
content/docs/sk/class_sthdf_dashboard/01-class_sthdf_dashboard_2025-2026/students/ST055/deliverables/03_project-summary.md,,,missing,,0,0,0,1,"fm_build,fm_version,fm_version_comment",,
content/docs/sk/class_sthdf_dashboard/01-class_sthdf_dashboard_2025-2026/students/ST055/deliverables/04_project-outcomes.md,,,missing,,0,0,0,1,"fm_build,fm_version,fm_version_comment",,
content/docs/sk/class_sthdf_dashboard/01-class_sthdf_dashboard_2025-2026/students/ST055/deliverables/05_pitch_presentation.md,,,missing,,0,0,0,1,"fm_build,fm_version,fm_version_comment",,
content/docs/sk/class_sthdf_dashboard/01-class_sthdf_dashboard_2025-2026/students/ST055/deliverables/06_final_presentation.md,,,missing,,0,0,0,1,"fm_build,fm_version,fm_version_comment",,
content/docs/sk/class_sthdf_dashboard/01-class_sthdf_dashboard_2025-2026/students/ST055/deliverables/07_reflexia.md,,,missing,,0,0,0,1,"fm_build,fm_version,fm_version_comment",,
content/docs/sk/class_sthdf_dashboard/01-class_sthdf_dashboard_2025-2026/students/ST055/deliverables/index.md,,,missing,,0,0,0,1,"fm_build,fm_version,fm_version_comment",,
content/docs/sk/class_sthdf_dashboard/01-class_sthdf_dashboard_2025-2026/students/ST055/index.md,,,missing,,0,0,0,1,"fm_build,fm_version,fm_version_comment",,
content/docs/sk/class_sthdf_dashboard/01-class_sthdf_dashboard_2025-2026/students/ST056/deliverables/01_about-me.md,,,missing,,0,0,0,1,"fm_build,fm_version,fm_version_comment",,
content/docs/sk/class_sthdf_dashboard/01-class_sthdf_dashboard_2025-2026/students/ST056/deliverables/02_knowledge-contribution.md,,,missing,,0,0,0,1,"fm_build,fm_version,fm_version_comment",,
content/docs/sk/class_sthdf_dashboard/01-class_sthdf_dashboard_2025-2026/students/ST056/deliverables/03_project-summary.md,,,missing,,0,0,0,1,"fm_build,fm_version,fm_version_comment",,
content/docs/sk/class_sthdf_dashboard/01-class_sthdf_dashboard_2025-2026/students/ST056/deliverables/04_project-outcomes.md,,,missing,,0,0,0,1,"fm_build,fm_version,fm_version_comment",,
content/docs/sk/class_sthdf_dashboard/01-class_sthdf_dashboard_2025-2026/students/ST056/deliverables/05_pitch_presentation.md,,,missing,,0,0,0,1,"fm_build,fm_version,fm_version_comment",,
content/docs/sk/class_sthdf_dashboard/01-class_sthdf_dashboard_2025-2026/students/ST056/deliverables/06_final_presentation.md,,,missing,,0,0,0,1,"fm_build,fm_version,fm_version_comment",,
content/docs/sk/class_sthdf_dashboard/01-class_sthdf_dashboard_2025-2026/students/ST056/deliverables/07_reflexia.md,,,missing,,0,0,0,1,"fm_build,fm_version,fm_version_comment",,
content/docs/sk/class_sthdf_dashboard/01-class_sthdf_dashboard_2025-2026/students/ST056/deliverables/index.md,,,missing,,0,0,0,1,"fm_build,fm_version,fm_version_comment",,
content/docs/sk/class_sthdf_dashboard/01-class_sthdf_dashboard_2025-2026/students/ST056/index.md,,,missing,,0,0,0,1,"fm_build,fm_version,fm_version_comment",,
content/docs/sk/class_sthdf_dashboard/01-class_sthdf_dashboard_2025-2026/students/ST057/deliverables/01_about-me.md,,,missing,,0,0,0,1,"fm_build,fm_version,fm_version_comment",,
content/docs/sk/class_sthdf_dashboard/01-class_sthdf_dashboard_2025-2026/students/ST057/deliverables/02_knowledge-contribution.md,,,missing,,0,0,0,1,"fm_build,fm_version,fm_version_comment",,
content/docs/sk/class_sthdf_dashboard/01-class_sthdf_dashboard_2025-2026/students/ST057/deliverables/03_project-summary.md,,,missing,,0,0,0,1,"fm_build,fm_version,fm_version_comment",,
content/docs/sk/class_sthdf_dashboard/01-class_sthdf_dashboard_2025-2026/students/ST057/deliverables/04_project-outcomes.md,,,missing,,0,0,0,1,"fm_build,fm_version,fm_version_comment",,
content/docs/sk/class_sthdf_dashboard/01-class_sthdf_dashboard_2025-2026/students/ST057/deliverables/05_pitch_presentation.md,,,missing,,0,0,0,1,"fm_build,fm_version,fm_version_comment",,
content/docs/sk/class_sthdf_dashboard/01-class_sthdf_dashboard_2025-2026/students/ST057/deliverables/06_final_presentation.md,,,missing,,0,0,0,1,"fm_build,fm_version,fm_version_comment",,
content/docs/sk/class_sthdf_dashboard/01-class_sthdf_dashboard_2025-2026/students/ST057/deliverables/07_reflexia.md,,,missing,,0,0,0,1,"fm_build,fm_version,fm_version_comment",,
content/docs/sk/class_sthdf_dashboard/01-class_sthdf_dashboard_2025-2026/students/ST057/deliverables/index.md,,,missing,,0,0,0,1,"fm_build,fm_version,fm_version_comment",,
content/docs/sk/class_sthdf_dashboard/01-class_sthdf_dashboard_2025-2026/students/ST057/index.md,,,missing,,0,0,0,1,"fm_build,fm_version,fm_version_comment",,
content/docs/sk/class_sthdf_dashboard/01-class_sthdf_dashboard_2025-2026/students/ST058/deliverables/01_about-me.md,,,missing,,0,0,0,1,"fm_build,fm_version,fm_version_comment",,
content/docs/sk/class_sthdf_dashboard/01-class_sthdf_dashboard_2025-2026/students/ST058/deliverables/02_knowledge-contribution.md,,,missing,,0,0,0,1,"fm_build,fm_version,fm_version_comment",,
content/docs/sk/class_sthdf_dashboard/01-class_sthdf_dashboard_2025-2026/students/ST058/deliverables/03_project-summary.md,,,missing,,0,0,0,1,"fm_build,fm_version,fm_version_comment",,
content/docs/sk/class_sthdf_dashboard/01-class_sthdf_dashboard_2025-2026/students/ST058/deliverables/04_project-outcomes.md,,,missing,,0,0,0,1,"fm_build,fm_version,fm_version_comment",,
content/docs/sk/class_sthdf_dashboard/01-class_sthdf_dashboard_2025-2026/students/ST058/deliverables/05_pitch_presentation.md,,,missing,,0,0,0,1,"fm_build,fm_version,fm_version_comment",,
content/docs/sk/class_sthdf_dashboard/01-class_sthdf_dashboard_2025-2026/students/ST058/deliverables/06_final_presentation.md,,,missing,,0,0,0,1,"fm_build,fm_version,fm_version_comment",,
content/docs/sk/class_sthdf_dashboard/01-class_sthdf_dashboard_2025-2026/students/ST058/deliverables/07_reflexia.md,,,missing,,0,0,0,1,"fm_build,fm_version,fm_version_comment",,
content/docs/sk/class_sthdf_dashboard/01-class_sthdf_dashboard_2025-2026/students/ST058/deliverables/index.md,,,missing,,0,0,0,1,"fm_build,fm_version,fm_version_comment",,
content/docs/sk/class_sthdf_dashboard/01-class_sthdf_dashboard_2025-2026/students/ST058/index.md,,,missing,,0,0,0,1,"fm_build,fm_version,fm_version_comment",,
content/docs/sk/class_sthdf_dashboard/01-class_sthdf_dashboard_2025-2026/students/ST059/deliverables/01_about-me.md,,,missing,,0,0,0,1,"fm_build,fm_version,fm_version_comment",,
content/docs/sk/class_sthdf_dashboard/01-class_sthdf_dashboard_2025-2026/students/ST059/deliverables/02_knowledge-contribution.md,,,missing,,0,0,0,1,"fm_build,fm_version,fm_version_comment",,
content/docs/sk/class_sthdf_dashboard/01-class_sthdf_dashboard_2025-2026/students/ST059/deliverables/03_project-summary.md,,,missing,,0,0,0,1,"fm_build,fm_version,fm_version_comment",,
content/docs/sk/class_sthdf_dashboard/01-class_sthdf_dashboard_2025-2026/students/ST059/deliverables/04_project-outcomes.md,,,missing,,0,0,0,1,"fm_build,fm_version,fm_version_comment",,
content/docs/sk/class_sthdf_dashboard/01-class_sthdf_dashboard_2025-2026/students/ST059/deliverables/05_pitch_presentation.md,,,missing,,0,0,0,1,"fm_build,fm_version,fm_version_comment",,
content/docs/sk/class_sthdf_dashboard/01-class_sthdf_dashboard_2025-2026/students/ST059/deliverables/06_final_presentation.md,,,missing,,0,0,0,1,"fm_build,fm_version,fm_version_comment",,
content/docs/sk/class_sthdf_dashboard/01-class_sthdf_dashboard_2025-2026/students/ST059/deliverables/07_reflexia.md,,,missing,,0,0,0,1,"fm_build,fm_version,fm_version_comment",,
content/docs/sk/class_sthdf_dashboard/01-class_sthdf_dashboard_2025-2026/students/ST059/deliverables/index.md,,,missing,,0,0,0,1,"fm_build,fm_version,fm_version_comment",,
content/docs/sk/class_sthdf_dashboard/01-class_sthdf_dashboard_2025-2026/students/ST059/index.md,,,missing,,0,0,0,1,"fm_build,fm_version,fm_version_comment",,
content/docs/sk/class_sthdf_dashboard/01-class_sthdf_dashboard_2025-2026/students/ST060/deliverables/01_about-me.md,,,missing,,0,0,0,1,"fm_build,fm_version,fm_version_comment",,
content/docs/sk/class_sthdf_dashboard/01-class_sthdf_dashboard_2025-2026/students/ST060/deliverables/02_knowledge-contribution.md,,,missing,,0,0,0,1,"fm_build,fm_version,fm_version_comment",,
content/docs/sk/class_sthdf_dashboard/01-class_sthdf_dashboard_2025-2026/students/ST060/deliverables/03_project-summary.md,,,missing,,0,0,0,1,"fm_build,fm_version,fm_version_comment",,
content/docs/sk/class_sthdf_dashboard/01-class_sthdf_dashboard_2025-2026/students/ST060/deliverables/04_project-outcomes.md,,,missing,,0,0,0,1,"fm_build,fm_version,fm_version_comment",,
content/docs/sk/class_sthdf_dashboard/01-class_sthdf_dashboard_2025-2026/students/ST060/deliverables/05_pitch_presentation.md,,,missing,,0,0,0,1,"fm_build,fm_version,fm_version_comment",,
content/docs/sk/class_sthdf_dashboard/01-class_sthdf_dashboard_2025-2026/students/ST060/deliverables/06_final_presentation.md,,,missing,,0,0,0,1,"fm_build,fm_version,fm_version_comment",,
content/docs/sk/class_sthdf_dashboard/01-class_sthdf_dashboard_2025-2026/students/ST060/deliverables/07_reflexia.md,,,missing,,0,0,0,1,"fm_build,fm_version,fm_version_comment",,
content/docs/sk/class_sthdf_dashboard/01-class_sthdf_dashboard_2025-2026/students/ST060/deliverables/index.md,,,missing,,0,0,0,1,"fm_build,fm_version,fm_version_comment",,
content/docs/sk/class_sthdf_dashboard/01-class_sthdf_dashboard_2025-2026/students/ST060/index.md,,,missing,,0,0,0,1,"fm_build,fm_version,fm_version_comment",,
content/docs/sk/class_sthdf_dashboard/01-class_sthdf_dashboard_2025-2026/students/ST_INDEX.md,,,missing,,0,0,0,1,"fm_build,fm_version,fm_version_comment",,
